{"type":"FeatureCollection","features":[{"type":"Feature","properties":{"area_id":"area_001","area_name":"statewide","island":"Multiple","source_name":"","source_url":"","geometry_status":"unresolved","geometry_note":"Statewide is an aggregate/island-level concept, not a single project area polygon.","parent_island_id":""},"geometry":null},{"type":"Feature","properties":{"area_id":"area_002","area_name":"East Maui, including Waikamoi","island":"Maui","source_name":"Hawaiʻi Statewide GIS / DLNR","source_url":"https://geodata.hawaii.gov/arcgis/rest/services/Terrestrial/MapServer/1","geometry_status":"approximate","geometry_note":"Official Waikamoi Preserve and Waikamoi Preserve EMI polygons used; these do not represent all of East Maui.","parent_island_id":"island_maui"},"geometry":{"type":"Polygon","coordinates":[[[-156.24228345,20.80420448],[-156.24271482,20.80487887],[-156.23996063,20.80577609],[-156.23426105,20.80547879],[-156.23130992,20.80412153],[-156.2273125,20.80534427],[-156.22451794,20.80385752],[-156.22377617,20.80218097],[-156.22235042,20.80094729],[-156.22064456,20.8009499],[-156.2193997,20.80214027],[-156.21494588,20.80465598],[-156.21082317,20.80837273],[-156.2095081,20.8086527],[-156.20809136,20.80727251],[-156.20518516,20.80192758],[-156.20393382,20.80164796],[-156.20477809,20.79734418],[-156.20665519,20.7954018],[-156.2063804,20.79494495],[-156.141929,20.73051652],[-156.15091254,20.73682194],[-156.176788,20.73696808],[-156.21538442,20.75577148],[-156.23010143,20.76409184],[-156.23102928,20.7662859],[-156.23134568,20.7686743],[-156.23188173,20.76921558],[-156.23212713,20.77049695],[-156.23314975,20.77172764],[-156.23361494,20.77391985],[-156.23433255,20.774771],[-156.23354423,20.77622078],[-156.23354256,20.77716868],[-156.23654909,20.779298],[-156.23909623,20.78458863],[-156.24163458,20.78707148],[-156.24275758,20.78998744],[-156.24500142,20.79138217],[-156.2461989,20.79350488],[-156.24722593,20.79364776],[-156.25048247,20.79260763],[-156.25121052,20.79302553],[-156.25315299,20.79828378],[-156.2568144,20.80275606],[-156.24269244,20.80091067],[-156.24228345,20.80420448]]]}},{"type":"Feature","properties":{"area_id":"area_003","area_name":"Limahuli Valley, Hāʻena","island":"Kauaʻi","source_name":"Hawaiʻi Statewide GIS / OHA / DLNR SHPD Ahupuaʻa","source_url":"https://geodata.hawaii.gov/arcgis/rest/services/HistoricCultural/MapServer/1","geometry_status":"broader_boundary","geometry_note":"Official Hāʻena ahupuaʻa used because a separate authoritative Limahuli Valley polygon was not found.","parent_island_id":"island_kauai"},"geometry":{"type":"Polygon","coordinates":[[[-159.59556869,22.21189624],[-159.59304307,22.21146279],[-159.58662577,22.2123759],[-159.58423061,22.21203444],[-159.58462139,22.20673677],[-159.58559761,22.20533297],[-159.58580464,22.20400421],[-159.58522565,22.20079466],[-159.58476436,22.20009391],[-159.58464088,22.19580991],[-159.58577071,22.1926439],[-159.58603159,22.18828624],[-159.58688926,22.18486146],[-159.58625693,22.18310434],[-159.58685941,22.18167703],[-159.58406307,22.18271922],[-159.58274413,22.18374932],[-159.58007739,22.18403437],[-159.57861651,22.1853563],[-159.57675843,22.19232822],[-159.5742084,22.19721794],[-159.57375293,22.19906251],[-159.57312568,22.19974002],[-159.5733563,22.20061552],[-159.5721021,22.20189827],[-159.57179997,22.20381005],[-159.56916744,22.206525],[-159.56885974,22.20766438],[-159.56725049,22.20935035],[-159.56348296,22.20986708],[-159.56226422,22.21088538],[-159.56125896,22.21114858],[-159.56035955,22.21219061],[-159.55988016,22.21310245],[-159.56006304,22.2140346],[-159.5605658,22.21450716],[-159.56187738,22.21976278],[-159.55538682,22.22495938],[-159.55681201,22.22604538],[-159.55881714,22.22616724],[-159.56097704,22.22394644],[-159.56564471,22.22056732],[-159.56709386,22.22073845],[-159.56975527,22.22263988],[-159.57245229,22.22350898],[-159.57436848,22.22346609],[-159.57601276,22.22396168],[-159.5804136,22.22370438],[-159.58181566,22.22303084],[-159.58377989,22.22052136],[-159.58554231,22.22033435],[-159.58566682,22.2193537],[-159.58694434,22.21864217],[-159.59071253,22.21461739],[-159.59231535,22.21413276],[-159.59389453,22.2126409],[-159.59556869,22.21189624]]]}},{"type":"Feature","properties":{"area_id":"area_004","area_name":"Papahānaumokuākea region","island":"Northwestern Hawaiian Islands","source_name":"NOAA Papahānaumokuākea Marine National Monument","source_url":"https://gis.ngdc.noaa.gov/arcgis/rest/services/nccos/PMNM_DSCS_Predictions/MapServer/0","geometry_status":"approximate","geometry_note":"Official NOAA Papahānaumokuākea Marine National Monument boundary used for the broader 'region' wording.","parent_island_id":"island_northwestern_hawaiian_islands"},"geometry":{"type":"MultiPolygon","coordinates":[[[[-172.18269907,29.10460936],[-172.10644931,29.11211364],[-172.0685909,29.11531621],[-172.01173578,29.11947724],[-171.9548122,29.12286607],[-171.91683195,29.12469587],[-171.84081548,29.12732391],[-171.76475195,29.12857584],[-171.67655936,29.12830387],[-171.60050811,29.12658303],[-171.54350608,29.12438935],[-171.50552999,29.12249718],[-171.42137375,29.1171966],[-171.38348513,29.11427462],[-171.32672381,29.1092492],[-171.27006056,29.10345395],[-171.23234658,29.0991635],[-171.15672991,29.08951455],[-171.11919017,29.08420259],[-171.06300597,29.0755984],[-170.98834947,29.06294205],[-170.9511401,29.05610791],[-170.89548576,29.0452264],[-170.82159945,29.02954517],[-170.74810788,29.01253042],[-170.69326732,28.99889873],[-170.65684685,28.98939812],[-170.6024358,28.97453062],[-170.56631389,28.96420947],[-170.49445294,28.94258963],[-170.44090727,28.92552392],[-170.40538407,28.91374404],[-170.33477235,28.88922325],[-170.29969135,28.87648508],[-170.24736143,28.85678444],[-170.16442599,28.82380057],[-170.11869676,28.81843129],[-170.06242202,28.81110316],[-170.00628666,28.80301045],[-169.95030444,28.79415497],[-169.89448913,28.7845389],[-169.85737832,28.77770687],[-169.80187139,28.76682873],[-169.74656772,28.75519671],[-169.6914806,28.74281371],[-169.65488291,28.73414271],[-169.60018687,28.72051512],[-169.54574304,28.70614506],[-169.49156488,28.69103615],[-169.45560008,28.68055483],[-169.40189373,28.66422277],[-169.34848784,28.64716216],[-169.31305716,28.63538569],[-169.26018064,28.61712012],[-169.20763873,28.59813752],[-169.15544423,28.57844256],[-169.1036095,28.55803992],[-169.05214704,28.53693479],[-169.00106913,28.51513225],[-168.95038805,28.49263765],[-168.91682701,28.47725936],[-168.86683399,28.4536235],[-168.81726959,28.42931057],[-168.76814561,28.40432642],[-168.71947364,28.37867714],[-168.67126517,28.3523691],[-168.62353148,28.32540847],[-168.58345039,28.30203663],[-168.53903705,28.30812973],[-168.48297192,28.31510586],[-168.42678822,28.32131505],[-168.37049991,28.32675596],[-168.33292302,28.32995566],[-168.27649078,28.33411307],[-168.21999088,28.33749889],[-168.16343689,28.34011238],[-168.10684299,28.34195284],[-168.05022283,28.34301985],[-168.00044199,28.34331878],[-167.94381034,28.34293186],[-167.88719266,28.34177133],[-167.83060282,28.33983728],[-167.77405468,28.33713034],[-167.73622489,28.33488743],[-167.69858501,28.3323107],[-167.64218823,28.32780314],[-167.58587941,28.32252559],[-167.52967243,28.31647934],[-167.47358095,28.30966601],[-167.43625765,28.30469835],[-167.38038925,28.29661005],[-167.32467311,28.28775959],[-167.26912259,28.27814888],[-167.21375146,28.26778052],[-167.15857321,28.25665683],[-167.10360129,28.24478082],[-167.04884898,28.23215512],[-167.01247616,28.22332312],[-166.9581196,28.20945514],[-166.90401821,28.19484638],[-166.83230237,28.17422166],[-166.7777789,28.15756836],[-166.70697183,28.13467183],[-166.63672583,28.11049064],[-166.58442751,28.09151792],[-166.51523549,28.06511411],[-166.44668627,28.03745585],[-166.37880917,28.0085551],[-166.32835968,27.98607175],[-166.26172775,27.95502713],[-166.19584598,27.92277582],[-166.13074233,27.8893317],[-166.08222716,27.86335982],[-166.01855035,27.82786323],[-165.95572564,27.79121479],[-165.89377889,27.75343017],[-165.84770187,27.724223],[-165.78735313,27.68448954],[-165.72767889,27.64347797],[-165.66924933,27.60158124],[-165.62607918,27.56946544],[-165.56940692,27.52573461],[-165.51377052,27.48098125],[-165.45919236,27.43522447],[-165.41896634,27.40026],[-165.36629219,27.35279433],[-165.31473483,27.30437965],[-165.26431477,27.25503663],[-165.21505161,27.20478605],[-165.16696449,27.15364931],[-165.12007211,27.10164777],[-165.07733524,27.05226292],[-164.99615255,27.02717942],[-164.96110177,27.0157443],[-164.90878255,26.99798913],[-164.85678289,26.97951499],[-164.82202651,26.96670061],[-164.70701839,26.92271474],[-164.64573771,26.92233639],[-164.58984633,26.92117759],[-164.51536933,26.91843142],[-164.45956294,26.91547161],[-164.40381579,26.91174099],[-164.34814134,26.90724055],[-164.29255328,26.90197126],[-164.21859376,26.8937519],[-164.16325999,26.88669413],[-164.10805766,26.87887259],[-164.05300035,26.87028926],[-163.97983915,26.85766331],[-163.92517194,26.84731085],[-163.87069422,26.83620421],[-163.81641919,26.82434621],[-163.74439033,26.80737168],[-163.69063911,26.79377196],[-163.63713425,26.77943123],[-163.58388844,26.76435294],[-163.54854157,26.75389279],[-163.51331941,26.74310767],[-163.46072827,26.72632305],[-163.40843867,26.70881389],[-163.35646338,26.69058438],[-163.30481479,26.67163899],[-163.27056995,26.65861324],[-163.21949322,26.63848501],[-163.16877588,26.61765364],[-163.13516997,26.60337784],[-163.08507848,26.58138562],[-163.03537838,26.55870417],[-163.0,26.54201831],[-163.0,24.11409309],[-161.74242,23.88042],[-161.68679,23.86839],[-161.6321,23.85316],[-161.57857,23.83478],[-161.52642,23.81332],[-161.47586,23.78888],[-161.42708,23.76155],[-161.38029,23.73144],[-161.33566,23.69868],[-161.29337,23.66338],[-161.2536,23.6257],[-161.2165,23.58578],[-161.18221,23.54379],[-161.15087,23.49989],[-161.1226,23.45425],[-161.09751,23.40707],[-161.07569,23.35851],[-161.05724,23.30879],[-161.04221,23.25809],[-161.03067,23.20662],[-161.02266,23.15458],[-161.0182,23.10217],[-161.0173,23.04961],[-161.01998,22.99711],[-161.0262,22.94485],[-161.03595,22.89307],[-161.04919,22.84195],[-161.06584,22.7917],[-161.08586,22.74252],[-161.10915,22.6946],[-161.13562,22.64812],[-161.16516,22.60327],[-161.19766,22.56023],[-161.23298,22.51916],[-161.27099,22.48022],[-161.31153,22.44356],[-161.35444,22.40934],[-161.39956,22.37767],[-161.44671,22.34869],[-161.49571,22.3225],[-161.54635,22.29922],[-161.59846,22.27892],[-161.65181,22.26168],[-161.70621,22.24758],[-161.76145,22.23667],[-161.8173,22.22899],[-161.87356,22.22458],[-161.93,22.22343],[-161.98641,22.22557],[-162.04257,22.23099],[-162.09826,22.23966],[-163.0,22.40727776],[-163.0,19.2345709],[-163.05475449,19.28472528],[-163.10444221,19.33213789],[-163.14106704,19.36830143],[-163.1651738,19.39269378],[-163.2126331,19.442148],[-163.24755828,19.47981506],[-163.27051863,19.50519649],[-163.31565361,19.55659641],[-163.33782358,19.58260998],[-163.3705753,19.62201524],[-163.41329354,19.67526096],[-163.45490916,19.72929396],[-163.49690288,19.78608344],[-163.52653059,19.82767333],[-163.54592393,19.85562839],[-163.58384109,19.91207486],[-163.60236103,19.9405607],[-163.62958716,19.98361012],[-163.66484498,20.04159323],[-163.69889656,20.10022312],[-163.73842144,20.17192812],[-163.78709113,20.1990676],[-163.84744412,20.23409292],[-163.90707171,20.27022821],[-163.95589088,20.30099742],[-164.00275136,20.29208777],[-164.05500609,20.28287394],[-164.14239096,20.26912651],[-164.23009846,20.25739718],[-164.31807738,20.24769297],[-164.40627621,20.2400194],[-164.49464354,20.23438107],[-164.54772344,20.2319765],[-164.58765693,20.23064423],[-164.67656314,20.22907596],[-164.72990088,20.22912047],[-164.78303417,20.22989988],[-164.85384946,20.23208206],[-164.9069248,20.23457555],[-164.95995665,20.23780284],[-165.01293392,20.24176332],[-165.06678706,20.24653828],[-165.11962178,20.25196236],[-165.17236854,20.25811662],[-165.22501634,20.26499968],[-165.27755399,20.27261012],[-165.32997038,20.28094644],[-165.38225464,20.29000683],[-165.43439575,20.2997893],[-165.49198064,20.31146763],[-165.54799258,20.32372133],[-165.5837133,20.31852098],[-165.63635614,20.31148379],[-165.72431426,20.3013747],[-165.77720287,20.29628312],[-165.8301634,20.29192328],[-165.91856015,20.28628537],[-165.97165758,20.28388086],[-166.02478601,20.28221069],[-166.11337196,20.28105991],[-166.20196108,20.28195057],[-166.25509467,20.28346474],[-166.30819962,20.28571336],[-166.36479571,20.28892051],[-166.43215761,20.29382728],[-166.48508683,20.29851968],[-166.55553769,20.30591361],[-166.61799112,20.31349875],[-166.68814004,20.32316067],[-166.75808015,20.33411374],[-166.81038233,20.34317351],[-166.87989391,20.35637599],[-166.93184483,20.36711742],[-166.99268192,20.38061533],[-167.06144402,20.39700432],[-167.11279038,20.41012603],[-167.19434187,20.43226307],[-167.26219609,20.45179971],[-167.31281943,20.46727092],[-167.37994052,20.48898427],[-167.42998485,20.50607882],[-167.49629524,20.5299438],[-167.54696781,20.54912823],[-167.61239103,20.57511741],[-167.67727299,20.60230708],[-167.74158923,20.63068699],[-167.7894404,20.65274664],[-167.83694942,20.67546514],[-167.89974471,20.70677286],[-167.96188957,20.7392315],[-168.02336025,20.77282876],[-168.08413325,20.80755193],[-168.12924099,20.83432528],[-168.17393347,20.86171886],[-168.23286051,20.89919845],[-168.3054223,20.94756225],[-168.37672397,20.99758199],[-168.44672252,21.04922813],[-168.48807841,21.08098364],[-168.51537526,21.10246992],[-168.54245012,21.12420632],[-168.58264028,21.15727581],[-168.62231613,21.19089664],[-168.64847648,21.21361334],[-168.67440167,21.23656965],[-168.71284314,21.27144892],[-168.75074127,21.30685516],[-168.77570063,21.33074837],[-168.81267445,21.36701599],[-168.83700994,21.39147624],[-168.87303646,21.42858361],[-168.89673282,21.45359643],[-168.92016935,21.47882604],[-168.95483193,21.51707192],[-169.00053718,21.56928786],[-169.0227758,21.59546323],[-169.05562203,21.63510672],[-169.08784756,21.67519919],[-169.10898275,21.70217267],[-169.15040699,21.75669644],[-169.18072642,21.79808357],[-169.20233849,21.82840013],[-169.21704259,21.84743489],[-169.27248771,21.86611598],[-169.32273472,21.88387053],[-169.37270406,21.90231006],[-169.42238505,21.92143088],[-169.47176717,21.94122874],[-169.52084004,21.96169955],[-169.56959314,21.98283905],[-169.61801608,22.00464269],[-169.66609855,22.0271058],[-169.71383036,22.05022382],[-169.76120119,22.07399181],[-169.80820105,22.09840462],[-169.85481973,22.1234572],[-169.90104732,22.14914423],[-169.94687393,22.17546026],[-170.00654134,22.21103621],[-170.08672551,22.19906898],[-170.15783917,22.18987035],[-170.22912747,22.18196456],[-170.30056415,22.17535462],[-170.37212259,22.17004281],[-170.44377611,22.16603133],[-170.51549839,22.16332157],[-170.58726266,22.16191454],[-170.65930489,22.16181074],[-170.73107343,22.16301025],[-170.80280412,22.1655126],[-170.87447043,22.16931687],[-170.9460458,22.17442166],[-171.01750358,22.18082499],[-171.08881734,22.18852457],[-171.15996061,22.19751748],[-171.21319018,22.20510894],[-171.26629791,22.21342442],[-171.33689933,22.2256349],[-171.38967948,22.23563276],[-171.44230073,22.24634824],[-171.49475209,22.25777908],[-171.54702257,22.26992287],[-171.59910128,22.28277702],[-171.66822227,22.30101644],[-171.71981093,22.31551753],[-171.77117136,22.33071953],[-171.82229296,22.34661908],[-171.87316473,22.36321307],[-171.92377617,22.38049775],[-171.9741164,22.39846964],[-172.03999489,22.42318735],[-172.12812002,22.43087876],[-172.21739582,22.44070225],[-172.28861943,22.45001484],[-172.37735942,22.4634674],[-172.46572963,22.47892564],[-172.55367873,22.4963804],[-172.64115552,22.51582172],[-172.71076269,22.53279739],[-172.79726128,22.55578506],[-172.8660204,22.57558111],[-172.95137734,22.6020716],[-173.03603006,22.63048693],[-173.11992904,22.66081045],[-173.18647222,22.68643133],[-173.26889047,22.72014429],[-173.34556926,22.7535441],[-173.41277791,22.74274028],[-173.48401777,22.73258148],[-173.53757701,22.72580836],[-173.60914049,22.71790825],[-173.68085266,22.71130295],[-173.73471819,22.70720029],[-173.78864127,22.70382817],[-173.86060842,22.70046984],[-173.91462165,22.69880498],[-173.98666834,22.69772448],[-174.05872394,22.69794635],[-174.1127553,22.69896748],[-174.18476197,22.70146797],[-174.23872616,22.70419727],[-174.31060247,22.70897368],[-174.36443828,22.71340805],[-174.41820039,22.71857166],[-174.48974921,22.72658917],[-174.54329577,22.73345009],[-174.61451661,22.7437257],[-174.6677868,22.75227606],[-174.73859882,22.76479803],[-174.809141,22.77859748],[-174.8793872,22.79366915],[-174.94931116,22.81000748],[-175.00152716,22.82308882],[-175.05353623,22.83687643],[-175.12254122,22.85635372],[-175.17402547,22.87177799],[-175.24229119,22.89342593],[-175.29319159,22.9104692],[-175.36063997,22.93426309],[-175.44424148,22.96571193],[-175.5270097,22.9990394],[-175.60889591,23.0342263],[-175.68985186,23.07125198],[-175.7698296,23.11009463],[-175.84878178,23.15073175],[-175.9111737,23.18451748],[-175.98816214,23.22832379],[-176.06399506,23.2738552],[-176.13862709,23.32108509],[-176.21201335,23.36998552],[-176.25542867,23.40011588],[-176.28410957,23.42052799],[-176.312577,23.44119804],[-176.35487206,23.47268256],[-176.38279408,23.49398902],[-176.42425803,23.52641868],[-176.46521114,23.55940633],[-176.49222499,23.58170463],[-176.54554896,23.62702738],[-176.57185374,23.65004754],[-176.61085737,23.68502027],[-176.63655353,23.70862709],[-176.67463205,23.74446928],[-176.69970355,23.76864878],[-176.73683348,23.8053393],[-176.77338293,23.8425285],[-176.79742273,23.86759434],[-176.83298664,23.90559687],[-176.85636186,23.9311975],[-176.87946714,23.95700774],[-176.91361371,23.99611088],[-176.94713969,24.03567182],[-176.96914185,24.06229599],[-177.01229941,24.11613329],[-177.043918,24.15701655],[-177.06463597,24.18450777],[-177.0951661,24.22609163],[-177.11515182,24.25404178],[-177.13484095,24.28217068],[-177.16381389,24.3246937],[-177.2013873,24.38199175],[-177.22876578,24.42540391],[-177.24663263,24.45454899],[-177.2814328,24.51331537],[-177.30670866,24.55779572],[-177.32316332,24.58763704],[-177.33929912,24.6176253],[-177.36250108,24.66210007],[-177.41986715,24.68359498],[-177.48705421,24.71004993],[-177.53707685,24.73067291],[-177.60326342,24.75920433],[-177.66884394,24.78890781],[-177.71761686,24.8119481],[-177.78207772,24.84367595],[-177.83691244,24.87185269],[-177.88668426,24.87745594],[-177.94112285,24.88429679],[-177.99643117,24.89199816],[-178.05063469,24.9002836],[-178.10470378,24.90928878],[-178.16577941,24.92034678],[-178.21954667,24.93078568],[-178.27314603,24.94193819],[-178.32656639,24.95380213],[-178.37979645,24.96637494],[-178.43282533,24.97965397],[-178.48564193,24.99363654],[-178.53823524,25.0083198],[-178.59059438,25.02370051],[-178.64361682,25.04005509],[-178.70078666,25.05859163],[-178.77617559,25.06615854],[-178.84916572,25.07482215],[-178.9217402,25.08474413],[-179.01756557,25.09959027],[-179.08967724,25.11207259],[-179.16151661,25.12582843],[-179.23305711,25.14085266],[-179.3042724,25.15713985],[-179.35745472,25.17018028],[-179.39964775,25.18100828],[-179.48784588,25.20515822],[-179.57511733,25.23117186],[-179.66168704,25.25910755],[-179.74750459,25.28894917],[-179.83252017,25.32067942],[-179.91668403,25.35427989],[-179.99998854,25.38974759],[-179.99998854,31.46832964],[-179.94648411,31.49019848],[-179.89334111,31.51104883],[-179.83981654,31.53119271],[-179.76787931,31.55694351],[-179.71351502,31.57541971],[-179.65881284,31.59317353],[-179.60378595,31.61020039],[-179.529935,31.63176502],[-179.47372247,31.64721259],[-179.41771093,31.66178716],[-179.36143371,31.67561794],[-179.28243834,31.69383015],[-179.21778857,31.70763392],[-179.16072423,31.71896138],[-179.10345465,31.72953139],[-179.04599398,31.73934143],[-178.98835638,31.74838894],[-178.9266971,31.75721211],[-178.86874837,31.76472814],[-178.81039092,31.77150741],[-178.75218879,31.7774844],[-178.69388156,31.78268949],[-178.63548389,31.78712136],[-178.55750457,31.79182604],[-178.49895217,31.79445],[-178.43413638,31.79649478],[-178.37551434,31.79756601],[-178.30442792,31.79782302],[-178.24553783,31.79717109],[-178.18692649,31.79574697],[-178.12834923,31.7935465],[-178.05032443,31.78940575],[-177.99188328,31.7853962],[-177.93352484,31.78061292],[-177.87526337,31.77505696],[-177.82201359,31.76929324],[-177.77777381,31.76401072],[-177.71984212,31.75640186],[-177.66206049,31.7480264],[-177.60444311,31.73888649],[-177.54141305,31.7279998],[-177.4651313,31.71361566],[-177.40816503,31.70194506],[-177.33256351,31.68521299],[-177.25739647,31.66714919],[-177.18269658,31.64776179],[-177.12385642,31.63149686],[-177.04996327,31.60978636],[-176.97167904,31.60350502],[-176.89416836,31.5959273],[-176.81686402,31.58697968],[-176.75904188,31.57937244],[-176.68218074,31.56803755],[-176.60561954,31.55534518],[-176.54815015,31.5448897],[-176.47219459,31.52983566],[-176.42042089,31.51875656],[-176.37096328,31.50759262],[-176.33102156,31.49815673],[-176.27546946,31.48438058],[-176.23818906,31.47468872],[-176.18249976,31.45953377],[-176.14553347,31.44902076],[-176.09033421,31.43263946],[-176.0537072,31.42131258],[-175.99903543,31.40371617],[-175.94469799,31.38539657],[-175.90866523,31.37278388],[-175.85491421,31.35326891],[-175.8186557,31.33962847],[-175.76552747,31.31893163],[-175.72778436,31.30369845],[-175.64405616,31.30182467],[-175.57635121,31.29919622],[-175.50481527,31.29533225],[-175.42732034,31.28981741],[-175.34997965,31.28292847],[-175.27282746,31.27466838],[-175.19589777,31.26504094],[-175.11604543,31.2536215],[-175.05022311,31.24316607],[-174.97408073,31.22980201],[-174.89828704,31.21508962],[-174.82113485,31.19865516],[-174.74613809,31.18126617],[-174.67158907,31.16255004],[-174.59752009,31.14251511],[-174.52396355,31.12117007],[-174.48738735,31.11000932],[-174.43278701,31.09266111],[-174.37851494,31.07458828],[-174.32458443,31.05579547],[-174.27100855,31.03628718],[-174.21780037,31.01606828],[-174.16783687,30.9963003],[-174.12317956,30.97807184],[-174.08835819,30.96342297],[-174.03646879,30.94087237],[-173.98500187,30.91763401],[-173.93396972,30.89371355],[-173.89709526,30.87590449],[-173.84681527,30.8508605],[-173.79700204,30.82515036],[-173.74829431,30.79912141],[-173.71287116,30.7796541],[-173.66409597,30.75204786],[-173.61609472,30.72395079],[-173.56861403,30.69521839],[-173.52166499,30.66585764],[-173.47525839,30.63587577],[-173.43856056,30.61150885],[-173.39308383,30.58050815],[-173.35644721,30.55480118],[-173.31518474,30.525109],[-173.27125382,30.49252187],[-173.22792082,30.45935415],[-173.18519555,30.42561377],[-173.14787255,30.39532618],[-173.10618433,30.36064995],[-173.07874324,30.33722604],[-173.03811505,30.30163696],[-173.01138917,30.27761243],[-172.97184616,30.24113429],[-172.93296596,30.20413438],[-172.89475718,30.16662163],[-172.85722804,30.12860492],[-172.83097229,30.10131055],[-172.79459451,30.06247435],[-172.77073173,30.03631665],[-172.73552661,29.99668669],[-172.70103511,29.95659297],[-172.66726456,29.91604514],[-172.6342221,29.87505278],[-172.60191455,29.83362563],[-172.57893081,29.80334444],[-172.54786368,29.76121458],[-172.5175489,29.71867634],[-172.49776011,29.6900956],[-172.46871288,29.64689914],[-172.44043416,29.60332115],[-172.42201119,29.57406245],[-172.39502548,29.52987163],[-172.36882263,29.48532693],[-172.3434078,29.44043885],[-172.32690479,29.41032776],[-172.30281397,29.36489066],[-172.27952385,29.31913817],[-172.25703848,29.27308111],[-172.24249753,29.24221248],[-172.22136273,29.19567165],[-172.20104339,29.14885493],[-172.18269907,29.10460936]]],[[[179.99998854,31.46817134],[180.0,25.39002276],[179.99983897,25.38982285],[179.93390986,25.41950262],[179.86861324,25.45034267],[179.80397377,25.48233165],[179.75594013,25.50707025],[179.70830006,25.53244317],[179.64540987,25.56725138],[179.59872759,25.59408364],[179.53715093,25.63081749],[179.47635722,25.66863299],[179.41636976,25.70751607],[179.35721171,25.74745218],[179.31340115,25.77808641],[179.2557491,25.81982925],[179.20989258,25.85420194],[179.15381378,25.89770342],[179.11236379,25.9309755],[179.05792669,25.97618592],[179.004457,26.02234969],[178.95197602,26.06944952],[178.9132766,26.10537788],[178.8625756,26.15407273],[178.82523458,26.19117657],[178.78848988,26.22877118],[178.74043901,26.27964686],[178.69348234,26.33136146],[178.65899451,26.37068626],[178.6236621,26.41222896],[178.58077278,26.46446414],[178.54842918,26.50526432],[178.50633224,26.56032254],[178.46542598,26.61611337],[178.43553794,26.65842455],[178.3967565,26.71544633],[178.36848134,26.75865586],[178.34090881,26.80223502],[178.29763624,26.87271947],[178.26292334,26.93184818],[178.23773317,26.97659044],[178.20528426,27.03675598],[178.18167111,27.08251468],[178.15153037,27.14364613],[178.12272753,27.20529736],[178.09527604,27.26744448],[178.07558175,27.31436595],[178.05052531,27.3773231],[178.03264143,27.42482419],[178.01001668,27.48851687],[177.99396964,27.53654117],[177.97381077,27.6008936],[177.95507527,27.66558853],[177.93777286,27.73060088],[177.92567025,27.7798414],[177.9108978,27.84534805],[177.90077428,27.89464166],[177.88855735,27.96056392],[177.88035934,28.01013952],[177.87072072,28.07639825],[177.86446416,28.12619622],[177.85742365,28.19271128],[177.85312242,28.24267155],[177.84869706,28.30936251],[177.84636264,28.35942431],[177.84456631,28.42621022],[177.84420801,28.47631284],[177.8450514,28.5431123],[177.84668676,28.5934779],[177.84934679,28.64766234],[177.85397383,28.71433959],[177.85851023,28.7650408],[177.86579046,28.83153314],[177.87458689,28.89788296],[177.88228703,28.94827664],[177.89131882,29.0012301],[177.90390197,29.06710679],[177.91438428,29.1166171],[177.92961071,29.18206339],[177.94634314,29.24722724],[177.95987854,29.29589874],[177.97446476,29.34510774],[177.99494408,29.40944931],[178.01691296,29.47341579],[178.03436356,29.52112882],[178.05892412,29.58437595],[178.07831043,29.63151944],[178.10121541,29.68449086],[178.12696526,29.74098066],[178.15663864,29.80255075],[178.17983961,29.84837744],[178.21091863,29.90695677],[178.23722391,29.9542963],[178.26309382,29.99903946],[178.29309647,30.04904718],[178.32143136,30.0944859],[178.35930156,30.15271633],[178.39848221,30.21017749],[178.42906762,30.25324743],[178.47061696,30.30946115],[178.50314244,30.35176933],[178.53592339,30.3930125],[178.57972147,30.4460862],[178.61638335,30.48886776],[178.65339976,30.530617],[178.70366916,30.5852257],[178.74052856,30.62385457],[178.79075259,30.67459168],[178.82921852,30.71205671],[178.88155449,30.7612092],[178.92158129,30.79746136],[178.97596658,30.84496477],[179.01750602,30.87995651],[179.06769261,30.92081853],[179.11692178,30.95947065],[179.16053363,30.99258249],[179.2196153,31.03582564],[179.27647201,31.07576797],[179.32572427,31.10910834],[179.38761694,31.14941319],[179.43467781,31.17891981],[179.48227609,31.20779953],[179.53040076,31.23604525],[179.58715276,31.26816386],[179.65083512,31.30287222],[179.70063399,31.3289558],[179.76414805,31.36092108],[179.82794908,31.3918116],[179.87929208,31.41566196],[179.94842584,31.44639892],[179.99998854,31.46817134]]]]}},{"type":"Feature","properties":{"area_id":"area_005","area_name":"Heʻeia ahupuaʻa","island":"Oʻahu","source_name":"Hawaiʻi Statewide GIS / OHA / DLNR SHPD Ahupuaʻa","source_url":"https://geodata.hawaii.gov/arcgis/rest/services/HistoricCultural/MapServer/1","geometry_status":"exact","geometry_note":"Exact official Heʻeia ahupuaʻa boundary; multipart pieces dissolved.","parent_island_id":"island_oahu"},"geometry":{"type":"MultiPolygon","coordinates":[[[[-157.81434055,21.45004432],[-157.81439358,21.44885679],[-157.81330544,21.44619318],[-157.81105995,21.44227009],[-157.80931855,21.44209056],[-157.80878863,21.44303532],[-157.80748318,21.44293566],[-157.80727759,21.44241024],[-157.80756593,21.44165798],[-157.80860128,21.44144856],[-157.80873688,21.44004704],[-157.81031757,21.4398144],[-157.81119365,21.43774738],[-157.81213932,21.43691623],[-157.81062913,21.43678804],[-157.80992869,21.43503953],[-157.8086125,21.43381962],[-157.80787333,21.43201889],[-157.80644749,21.43123858],[-157.80533498,21.42997041],[-157.80351462,21.42684299],[-157.80165171,21.42628084],[-157.80067338,21.4246884],[-157.80019758,21.42469401],[-157.79930251,21.42383615],[-157.79820269,21.4250862],[-157.79606424,21.42467333],[-157.79496543,21.42528198],[-157.79447164,21.42622923],[-157.79502351,21.42908108],[-157.792066,21.42875713],[-157.79156612,21.42838992],[-157.79301935,21.42751058],[-157.79293063,21.42597873],[-157.79360814,21.4226321],[-157.79777207,21.42251751],[-157.80187245,21.4185134],[-157.80232502,21.41787977],[-157.80206135,21.41767914],[-157.8207693,21.40606824],[-157.82033388,21.4050308],[-157.82073689,21.40364696],[-157.8222808,21.40118257],[-157.8221115,21.39733298],[-157.82311078,21.39691994],[-157.824075,21.39576588],[-157.82776827,21.3962164],[-157.82932017,21.39696353],[-157.82986775,21.39845794],[-157.83119637,21.39923511],[-157.83428954,21.39995682],[-157.83598229,21.39982859],[-157.83856453,21.40142746],[-157.83907621,21.40320616],[-157.8397224,21.40383398],[-157.83962821,21.40522454],[-157.83889888,21.40672361],[-157.83942854,21.40744999],[-157.83891038,21.40908152],[-157.83939862,21.40986181],[-157.83826403,21.4113671],[-157.83638224,21.4126594],[-157.8364529,21.41302576],[-157.83763518,21.41372507],[-157.83790538,21.41447675],[-157.83771706,21.41541496],[-157.8382695,21.41692293],[-157.8382112,21.41804272],[-157.84007512,21.41840798],[-157.84370396,21.42099421],[-157.84271639,21.42220242],[-157.84213347,21.4245517],[-157.84088723,21.42674731],[-157.83694571,21.4301302],[-157.83659873,21.43236817],[-157.83246446,21.43736214],[-157.82948163,21.43980299],[-157.82879416,21.43934648],[-157.82617044,21.44121163],[-157.82472317,21.44165315],[-157.8224053,21.44537683],[-157.82136446,21.44626835],[-157.8201814,21.44654455],[-157.81907564,21.44785564],[-157.81885869,21.44918204],[-157.81709928,21.45077303],[-157.81584635,21.45013631],[-157.81434055,21.45004432]]],[[[-157.76775543,21.45693324],[-157.76524861,21.46175175],[-157.76321414,21.4628296],[-157.76291378,21.4622583],[-157.76383077,21.46109086],[-157.76337777,21.45988162],[-157.76041849,21.45820662],[-157.75544705,21.45669723],[-157.75420543,21.45263234],[-157.77290003,21.44376025],[-157.77774568,21.44549859],[-157.77796557,21.44653906],[-157.77363752,21.4493189],[-157.77261481,21.45074311],[-157.76860232,21.45189914],[-157.76790528,21.45259856],[-157.76775543,21.45693324]]]]}},{"type":"Feature","properties":{"area_id":"area_006","area_name":"Puʻu Waʻawaʻa, North Kona","island":"Hawaiʻi Island","source_name":"Hawaiʻi Statewide GIS / DLNR","source_url":"https://geodata.hawaii.gov/arcgis/rest/services/Terrestrial/MapServer/1","geometry_status":"approximate","geometry_note":"Official Puʻu Waʻawaʻa Forest Reserve and Forest Bird Sanctuary used for the broader named locality.","parent_island_id":"island_hawaii"},"geometry":{"type":"Polygon","coordinates":[[[-155.84034238,19.70747643],[-155.86964903,19.71668991],[-155.89478943,19.7202435],[-155.9052393,19.7469667],[-155.91128723,19.76075133],[-155.91696713,19.77598354],[-155.90997674,19.78054367],[-155.8984692,19.78499349],[-155.8507177,19.7999562],[-155.84951032,19.80054453],[-155.84417598,19.80491525],[-155.84387749,19.80455633],[-155.84391007,19.80506846],[-155.84156528,19.80639031],[-155.84050552,19.80723166],[-155.84071033,19.80746262],[-155.85082883,19.80021757],[-155.89826152,19.78531192],[-155.91038856,19.78059448],[-155.91705452,19.77621788],[-155.91863788,19.78044549],[-155.94788607,19.81728298],[-155.95133701,19.82406957],[-155.92461113,19.83931888],[-155.91978744,19.84277158],[-155.91734653,19.84532987],[-155.91486146,19.84829188],[-155.91244155,19.85262641],[-155.8992124,19.88086531],[-155.88211115,19.86546532],[-155.86236977,19.84386843],[-155.8623445,19.8390536],[-155.86020908,19.83595637],[-155.85742011,19.82607999],[-155.85566821,19.82412851],[-155.84726708,19.83273308],[-155.82362349,19.82644114],[-155.81935364,19.81958892],[-155.79812981,19.78895812],[-155.81117295,19.74344377],[-155.81750126,19.74126154],[-155.81413012,19.70224702],[-155.84034238,19.70747643]],[[-155.89232166,19.73555337],[-155.89133171,19.73566716],[-155.8914624,19.73667205],[-155.89236929,19.73658966],[-155.89232166,19.73555337]],[[-155.84306637,19.81157672],[-155.84111782,19.80964135],[-155.8368303,19.80716402],[-155.82865334,19.81870361],[-155.83103944,19.82169841],[-155.83494444,19.82074564],[-155.83773048,19.82268444],[-155.83984212,19.82622233],[-155.84313433,19.83028257],[-155.84553003,19.8299958],[-155.84942483,19.82799393],[-155.84926428,19.82406701],[-155.85108917,19.8219826],[-155.84984624,19.81619384],[-155.84827583,19.81438389],[-155.84306637,19.81157672]],[[-155.84337892,19.77462843],[-155.84179337,19.77508759],[-155.84217668,19.77604788],[-155.84082469,19.77632918],[-155.84111466,19.77993586],[-155.84239728,19.77996787],[-155.84241731,19.77922435],[-155.8435851,19.77915085],[-155.84337892,19.77462843]]]}},{"type":"Feature","properties":{"area_id":"area_007","area_name":"primarily the north shore; comparative Indigenous land-trust examples elsewhere","island":"Kauaʻi","source_name":"","source_url":"","geometry_status":"unresolved","geometry_note":"The wording combines an imprecise shore region with unspecified comparison sites.","parent_island_id":"island_kauai"},"geometry":null},{"type":"Feature","properties":{"area_id":"area_008","area_name":"Waiʻanae Kai Forest Reserve","island":"Oʻahu","source_name":"Hawaiʻi Statewide GIS / DLNR","source_url":"https://geodata.hawaii.gov/arcgis/rest/services/Terrestrial/MapServer/1","geometry_status":"exact","geometry_note":"Exact official Waiʻanae Kai Forest Reserve boundary.","parent_island_id":"island_oahu"},"geometry":{"type":"Polygon","coordinates":[[[-158.14706881,21.50416863],[-158.1479599,21.50304343],[-158.14994358,21.50229505],[-158.160748,21.50284925],[-158.16390848,21.50218363],[-158.16509163,21.50148441],[-158.16706679,21.49945576],[-158.16696235,21.49857852],[-158.16759153,21.49696094],[-158.16773762,21.49128516],[-158.16808764,21.49063478],[-158.1695489,21.49029719],[-158.1716227,21.48840065],[-158.17165946,21.48587839],[-158.17302276,21.48231874],[-158.17741984,21.47774112],[-158.17859103,21.47720532],[-158.17919058,21.4763993],[-158.18045435,21.4759639],[-158.18079634,21.4751486],[-158.18219851,21.47383621],[-158.18293222,21.47214951],[-158.18739571,21.46796097],[-158.17964153,21.47259879],[-158.17415973,21.47155119],[-158.17479168,21.47627219],[-158.17000248,21.47789333],[-158.16804378,21.48749076],[-158.16411146,21.4881987],[-158.16139553,21.48642078],[-158.16101788,21.48561395],[-158.15952933,21.48432879],[-158.15824169,21.48377637],[-158.15786941,21.48179342],[-158.15709578,21.48065773],[-158.15548791,21.4795544],[-158.1542236,21.47929574],[-158.15260102,21.47508802],[-158.15086956,21.47757922],[-158.14747237,21.46768637],[-158.14590041,21.46883995],[-158.14412967,21.4694742],[-158.14217694,21.47135898],[-158.14112952,21.47120528],[-158.13891181,21.47253923],[-158.13743566,21.47445075],[-158.13474141,21.47647298],[-158.13292441,21.48003657],[-158.13165232,21.48101015],[-158.13243155,21.48504232],[-158.13242098,21.48908269],[-158.13514437,21.49024521],[-158.13719792,21.49270916],[-158.14050893,21.49451177],[-158.14058476,21.4957329],[-158.14401324,21.5002152],[-158.14691488,21.50161846],[-158.14668575,21.50285239],[-158.14706881,21.50416863]],[[-158.14563973,21.49452002],[-158.14445222,21.49461645],[-158.14310975,21.49407571],[-158.14129367,21.4914977],[-158.14260448,21.49033594],[-158.14250607,21.48970184],[-158.14356626,21.48841935],[-158.14374253,21.48644351],[-158.14471779,21.48573446],[-158.14754229,21.48761852],[-158.14732955,21.49037903],[-158.14563973,21.49452002]],[[-158.15804277,21.48495546],[-158.15633124,21.48682977],[-158.15582382,21.48626125],[-158.15775073,21.48466946],[-158.15804277,21.48495546]],[[-158.1586141,21.4853833],[-158.15836966,21.48576549],[-158.15785078,21.48548172],[-158.15812814,21.48510473],[-158.1586141,21.4853833]],[[-158.14943993,21.47672193],[-158.15002102,21.47747729],[-158.14805599,21.4785445],[-158.14760064,21.4779589],[-158.14757998,21.47671009],[-158.14878163,21.47657926],[-158.14871491,21.47720529],[-158.14943993,21.47672193]]]}},{"type":"Feature","properties":{"area_id":"area_009","area_name":"multiple forest sites","island":"Multiple","source_name":"","source_url":"","geometry_status":"unresolved","geometry_note":"Multiple forest sites are not named, so no defensible polygon can be selected.","parent_island_id":""},"geometry":null},{"type":"Feature","properties":{"area_id":"area_010","area_name":"multiple urban sites including Kānewai and Kalauao/Kaʻōnohi","island":"Oʻahu","source_name":"","source_url":"","geometry_status":"unresolved","geometry_note":"The wording combines multiple local sites and does not define a single official project boundary.","parent_island_id":"island_oahu"},"geometry":null},{"type":"Feature","properties":{"area_id":"area_011","area_name":"Hakalau Forest National Wildlife Refuge","island":"Hawaiʻi Island","source_name":"Hawaiʻi Statewide GIS / DLNR","source_url":"https://geodata.hawaii.gov/arcgis/rest/services/Terrestrial/MapServer/1","geometry_status":"exact","geometry_note":"Official Hakalau Forest National Wildlife Refuge units dissolved into one logical refuge feature.","parent_island_id":"island_hawaii"},"geometry":{"type":"MultiPolygon","coordinates":[[[[-155.87020564,19.35317761],[-155.87199882,19.35301705],[-155.87286223,19.35333412],[-155.87604398,19.35234835],[-155.87757358,19.3559423],[-155.86948068,19.35683485],[-155.87020564,19.35317761]]],[[[-155.78230703,19.38264929],[-155.74488008,19.38395337],[-155.74179529,19.32955223],[-155.75182907,19.32870857],[-155.79010853,19.32674548],[-155.78690743,19.34933401],[-155.77066695,19.34842949],[-155.77019572,19.35396859],[-155.7861248,19.35485577],[-155.7868944,19.34942593],[-155.80251892,19.34940958],[-155.80251094,19.34883192],[-155.81925236,19.34882659],[-155.81905131,19.33326073],[-155.8601293,19.34256025],[-155.86003117,19.34578308],[-155.86557099,19.3454693],[-155.86557205,19.34623341],[-155.86407754,19.34611283],[-155.86393701,19.34720232],[-155.863334,19.34719555],[-155.86332193,19.34760195],[-155.86069823,19.34739031],[-155.86047568,19.34982944],[-155.86441572,19.35014663],[-155.86414584,19.35102774],[-155.86490683,19.35101805],[-155.86493662,19.35154221],[-155.86638246,19.35157412],[-155.86639976,19.35255038],[-155.87049413,19.35271908],[-155.87008986,19.35320563],[-155.86945657,19.355185],[-155.86933476,19.35778537],[-155.86497238,19.35767641],[-155.86499165,19.36022916],[-155.85951859,19.36165262],[-155.78500797,19.3627347],[-155.78539807,19.35998272],[-155.76885486,19.35906127],[-155.76841314,19.36465603],[-155.78461044,19.36555823],[-155.78494758,19.36316069],[-155.85804406,19.37352378],[-155.85859451,19.39543968],[-155.78120379,19.39037066],[-155.78230703,19.38264929]]],[[[-155.23973604,19.85829235],[-155.23513384,19.82915484],[-155.25739545,19.81685554],[-155.23354744,19.82017287],[-155.22423604,19.76854715],[-155.31212206,19.77505646],[-155.31262215,19.77551888],[-155.31387822,19.77540875],[-155.31682652,19.77642696],[-155.3204435,19.7766413],[-155.3214845,19.77765966],[-155.32714885,19.7807142],[-155.32930621,19.78039458],[-155.32999246,19.78073025],[-155.34353613,19.78098646],[-155.33836751,19.78628313],[-155.33543851,19.79588419],[-155.33547058,19.81076361],[-155.3319677,19.83227126],[-155.33323283,19.84869867],[-155.33347852,19.84872921],[-155.33358635,19.84905892],[-155.33563877,19.84859947],[-155.33553799,19.84884524],[-155.33358461,19.8491965],[-155.33331097,19.84882701],[-155.29152619,19.85928634],[-155.27277283,19.86340005],[-155.26781,19.86590088],[-155.26440017,19.86689113],[-155.26319545,19.86800843],[-155.26176975,19.86866326],[-155.25893016,19.8692021],[-155.25695149,19.87053384],[-155.25373369,19.87065972],[-155.25280254,19.8715403],[-155.25095226,19.87225669],[-155.24984032,19.87374806],[-155.24871142,19.8739734],[-155.24817578,19.87459529],[-155.24687179,19.87449672],[-155.24397242,19.87523126],[-155.23973604,19.85829235]]],[[[-155.22658508,19.90544523],[-155.24768519,19.87939537],[-155.33472607,19.86062515],[-155.33693615,19.86778417],[-155.33645002,19.87408311],[-155.32761358,19.8760317],[-155.32841608,19.88077199],[-155.27226103,19.89800846],[-155.24406605,19.91550886],[-155.23857185,19.9219051],[-155.22658508,19.90544523]]]]}},{"type":"Feature","properties":{"area_id":"area_012","area_name":"ʻUlupalakua Ranch / Puʻu Makua","island":"Maui","source_name":"","source_url":"","geometry_status":"unresolved","geometry_note":"No authoritative public ranch/project boundary was found for this combined wording.","parent_island_id":"island_maui"},"geometry":null},{"type":"Feature","properties":{"area_id":"area_013","area_name":"Heʻeia Fishpond, Kāneʻohe Bay","island":"Oʻahu","source_name":"","source_url":"","geometry_status":"unresolved","geometry_note":"The wording combines a fishpond and a much larger bay; no single official polygon represents both.","parent_island_id":"island_oahu"},"geometry":null},{"type":"Feature","properties":{"area_id":"area_014","area_name":"Kumaipo fire area","island":"Hawaiʻi Island","source_name":"","source_url":"","geometry_status":"unresolved","geometry_note":"A current authoritative public incident/study perimeter was not identified.","parent_island_id":"island_hawaii"},"geometry":null},{"type":"Feature","properties":{"area_id":"area_015","area_name":"Kaʻūpūlehu Preserve, North Kona","island":"Hawaiʻi Island","source_name":"Hawaiʻi Statewide GIS / OHA / DLNR SHPD Ahupuaʻa","source_url":"https://geodata.hawaii.gov/arcgis/rest/services/HistoricCultural/MapServer/1","geometry_status":"broader_boundary","geometry_note":"Official Kaʻūpūlehu ahupuaʻa used because a public authoritative preserve boundary was not found.","parent_island_id":"island_hawaii"},"geometry":{"type":"Polygon","coordinates":[[[-155.89482608,19.72028564],[-155.90623271,19.74920478],[-155.91157467,19.76142742],[-155.9187361,19.78050956],[-155.94769351,19.81696154],[-155.96517331,19.85135029],[-155.96519277,19.85100612],[-155.96616363,19.85081051],[-155.96657661,19.85028946],[-155.96755384,19.85013457],[-155.96831469,19.84925385],[-155.96939,19.84933531],[-155.97027445,19.84872749],[-155.97147178,19.84872526],[-155.97412277,19.84740269],[-155.97391986,19.84716003],[-155.97502399,19.84647466],[-155.97547807,19.84560675],[-155.97657006,19.84543569],[-155.97664587,19.84508492],[-155.97707655,19.84526374],[-155.97692534,19.8449362],[-155.9780179,19.84347429],[-155.98012215,19.84280583],[-155.97993014,19.84236477],[-155.98075034,19.84124124],[-155.98115636,19.83950589],[-155.98102278,19.83868668],[-155.98215551,19.83793404],[-155.9819756,19.83767373],[-155.98238806,19.83723838],[-155.98389968,19.83662753],[-155.98398133,19.83621818],[-155.9858818,19.83490526],[-155.98670814,19.83522163],[-155.98687034,19.83458797],[-155.98637624,19.83429526],[-155.98666009,19.83365914],[-155.9860081,19.83200068],[-155.98646676,19.8312005],[-155.98851422,19.83113125],[-155.98893873,19.83056069],[-155.99116455,19.82988509],[-155.99468696,19.82772377],[-155.99538429,19.82671996],[-155.99758336,19.82575043],[-155.9977123,19.82440756],[-155.99734564,19.82399517],[-155.99787581,19.82319165],[-155.99759665,19.8224377],[-155.99693481,19.82206096],[-155.99706793,19.82141977],[-155.99462433,19.81911312],[-155.99160404,19.8148335],[-155.9843134,19.80290441],[-155.97516918,19.76137497],[-155.96240687,19.74907481],[-155.95885291,19.74738307],[-155.952151,19.73855658],[-155.94628126,19.71989422],[-155.93783446,19.71662392],[-155.93391292,19.71606167],[-155.91782833,19.71864637],[-155.89482608,19.72028564]]]}},{"type":"Feature","properties":{"area_id":"area_016","area_name":"Kanakaleonui Bird Corridor, Mauna Kea region","island":"Hawaiʻi Island","source_name":"","source_url":"","geometry_status":"unresolved","geometry_note":"No authoritative public bird-corridor polygon was identified.","parent_island_id":"island_hawaii"},"geometry":null},{"type":"Feature","properties":{"area_id":"area_017","area_name":"main Hawaiian Islands and Northwestern Hawaiian Islands","island":"Multiple","source_name":"","source_url":"","geometry_status":"unresolved","geometry_note":"This is a cross-archipelago aggregate already represented at island level, not one area polygon.","parent_island_id":""},"geometry":null},{"type":"Feature","properties":{"area_id":"area_018","area_name":"linked to the Hawaiʻi-based longline fishery","island":"Pelagic North Pacific","source_name":"","source_url":"","geometry_status":"unresolved","geometry_note":"A fishery linkage is not a bounded project geography.","parent_island_id":"region_pelagic_north_pacific"},"geometry":null},{"type":"Feature","properties":{"area_id":"area_019","area_name":"five loko iʻa sites in the Hilo/Keaukaha area","island":"Hawaiʻi Island","source_name":"","source_url":"","geometry_status":"unresolved","geometry_note":"The five sites are not named in the normalized area field.","parent_island_id":"island_hawaii"},"geometry":null},{"type":"Feature","properties":{"area_id":"area_020","area_name":"Kāneʻohe Bay (Moku o Loʻe)","island":"Oʻahu","source_name":"Hawaiʻi DLNR Division of Aquatic Resources","source_url":"https://geodata.hawaii.gov/arcgis/rest/services/CoastalMarine/MapServer/39","geometry_status":"approximate","geometry_note":"Official Moku o Loʻe marine laboratory refuge used; it is within Kāneʻohe Bay but does not cover the entire bay.","parent_island_id":"island_oahu"},"geometry":{"type":"Polygon","coordinates":[[[-157.79156915,21.43396262],[-157.79128077,21.43275746],[-157.79061588,21.43246147],[-157.79052879,21.43107413],[-157.78988893,21.43003695],[-157.78816545,21.42977113],[-157.78707199,21.43049461],[-157.78631892,21.43265464],[-157.78626468,21.43427479],[-157.78680782,21.43639477],[-157.78765047,21.43724275],[-157.78924362,21.43773318],[-157.79057168,21.43764263],[-157.79155083,21.435924],[-157.7908246,21.43421217],[-157.79156915,21.43396262]],[[-157.79035418,21.4309352],[-157.78913712,21.43210434],[-157.79018236,21.43154849],[-157.79051098,21.43183286],[-157.78888801,21.4325322],[-157.78871808,21.43319247],[-157.78892399,21.43358653],[-157.78886359,21.43332676],[-157.79046461,21.43275709],[-157.79054546,21.43302589],[-157.78879847,21.43367944],[-157.78939808,21.43479734],[-157.79080808,21.43465508],[-157.78962281,21.4350177],[-157.78933956,21.43588397],[-157.78879217,21.4361584],[-157.78721539,21.43592162],[-157.78715571,21.43457563],[-157.7863749,21.43285363],[-157.78687247,21.43316176],[-157.78753545,21.43510738],[-157.78728107,21.43561584],[-157.78767336,21.43571906],[-157.78768279,21.43457723],[-157.78706088,21.43306692],[-157.78756266,21.43289488],[-157.78768509,21.4321345],[-157.78699079,21.4328991],[-157.78672342,21.43291541],[-157.78759136,21.431543],[-157.78807421,21.43136753],[-157.78898955,21.4319707],[-157.79035418,21.4309352]]]}},{"type":"Feature","properties":{"area_id":"area_021","area_name":"Koʻolau watershed and Pearl Harbor aquifer","island":"Oʻahu","source_name":"","source_url":"","geometry_status":"unresolved","geometry_note":"The wording combines different watershed and aquifer geographies; no single boundary is defensible.","parent_island_id":"island_oahu"},"geometry":null},{"type":"Feature","properties":{"area_id":"area_022","area_name":"Koʻolau and Waiʻanae watersheds / Pearl Harbor aquifer","island":"Oʻahu","source_name":"","source_url":"","geometry_status":"unresolved","geometry_note":"The wording combines several watershed and aquifer units; no single boundary is defensible.","parent_island_id":"island_oahu"},"geometry":null},{"type":"Feature","properties":{"area_id":"area_023","area_name":"11 MLCDs plus the Moku o Loʻe marine refuge","island":"Multiple","source_name":"Hawaiʻi DLNR Division of Aquatic Resources","source_url":"https://geodata.hawaii.gov/arcgis/rest/services/CoastalMarine/MapServer/39","geometry_status":"exact","geometry_note":"All official DLNR Marine Life Conservation District polygons plus the Moku o Loʻe refuge dissolved into one multipart feature.","parent_island_id":""},"geometry":{"type":"MultiPolygon","coordinates":[[[[-156.90582126,20.73701677],[-156.90528994,20.73667178],[-156.90502631,20.73715214],[-156.90456554,20.73648333],[-156.90345795,20.73745769],[-156.90233936,20.73709862],[-156.90178966,20.73755475],[-156.901705,20.73836889],[-156.90095848,20.73818706],[-156.90077187,20.73893777],[-156.90004003,20.73928805],[-156.90009153,20.73981371],[-156.89895338,20.74033862],[-156.89819702,20.74033628],[-156.89742295,20.73949091],[-156.89696772,20.74001726],[-156.89686131,20.73974654],[-156.89560376,20.74016835],[-156.89404385,20.73937882],[-156.89289894,20.73811836],[-156.89313029,20.73579279],[-156.893741,20.73483297],[-156.89293857,20.7343758],[-156.8924767,20.73456512],[-156.89274608,20.73506928],[-156.89229304,20.73558943],[-156.89168839,20.73572921],[-156.89067315,20.73508589],[-156.88993781,20.73535979],[-156.88991122,20.73748966],[-156.88959352,20.73724681],[-156.88866044,20.73785855],[-156.8868909,20.73782916],[-156.88640042,20.74000943],[-156.88720495,20.74060297],[-156.88763145,20.74159393],[-156.88666946,20.7425061],[-156.88729482,20.74319093],[-156.88609094,20.74399579],[-156.88414611,20.74421846],[-156.88318558,20.74292776],[-156.88289745,20.74348049],[-156.88159105,20.74251241],[-156.88046417,20.74245705],[-156.87951583,20.74181297],[-156.88995924,20.73362344],[-156.89267175,20.73358338],[-156.90724299,20.73562482],[-156.90654112,20.73593404],[-156.90651912,20.73646571],[-156.90582126,20.73701677]],[[-156.88995924,20.73384145],[-156.89011164,20.73448376],[-156.89037984,20.73462707],[-156.89046527,20.73419221],[-156.88995924,20.73384145]]],[[[-156.64382828,21.01187751],[-156.6436205,21.01128095],[-156.64546825,21.01237397],[-156.64160303,21.01408072],[-156.64105769,21.01342528],[-156.64146193,21.01167981],[-156.64233369,21.01105062],[-156.64327396,21.01131364],[-156.64343126,21.01194398],[-156.64382828,21.01187751]]],[[[-157.82271601,21.26589925],[-157.82229475,21.26599091],[-157.8220154,21.26515852],[-157.82708397,21.2642558],[-157.82694699,21.26623438],[-157.82748686,21.26986603],[-157.82328604,21.27125741],[-157.82295902,21.26848161],[-157.82385102,21.26842477],[-157.82299885,21.2684083],[-157.82231663,21.26605939],[-157.82271601,21.26589925]]],[[[-157.6947685,21.26813955],[-157.69717209,21.26809841],[-157.69736573,21.2700141],[-157.6970423,21.2712724],[-157.69581322,21.27257746],[-157.69474097,21.27279908],[-157.6935323,21.27242027],[-157.69207724,21.27116012],[-157.69118907,21.26923214],[-157.69079409,21.26920517],[-157.69045012,21.26989564],[-157.69024892,21.26886034],[-157.68934449,21.26869926],[-157.69176062,21.26370639],[-157.6920972,21.26529247],[-157.69413541,21.26619862],[-157.69522133,21.26739016],[-157.6947685,21.26813955]]],[[[-157.68950072,21.26880149],[-157.68947878,21.26872587],[-157.6895038,21.26877985],[-157.68950072,21.26880149]]],[[[-157.78714289,21.43679095],[-157.78658911,21.4357925],[-157.78623902,21.43305561],[-157.78733995,21.43019539],[-157.78843119,21.42973959],[-157.78988893,21.43003695],[-157.79052879,21.43107413],[-157.79061588,21.43246147],[-157.79128077,21.43275746],[-157.79166739,21.43354901],[-157.7908246,21.43421217],[-157.79155083,21.435924],[-157.79057168,21.43764263],[-157.78833559,21.4375282],[-157.78714289,21.43679095]],[[-157.78768509,21.4321345],[-157.78756266,21.43289488],[-157.78706088,21.43306692],[-157.78768279,21.43457723],[-157.78767336,21.43571906],[-157.78728107,21.43561584],[-157.78753545,21.43510738],[-157.78687247,21.43316176],[-157.7863749,21.43285363],[-157.78715571,21.43457563],[-157.78721539,21.43592162],[-157.78879217,21.4361584],[-157.78933956,21.43588397],[-157.78962281,21.4350177],[-157.79080808,21.43465508],[-157.78939808,21.43479734],[-157.78879847,21.43367944],[-157.79057141,21.43297544],[-157.78876434,21.43344316],[-157.78888801,21.4325322],[-157.79055627,21.4317579],[-157.79018236,21.43154849],[-157.78913712,21.43210434],[-157.79040172,21.43099551],[-157.78898955,21.4319707],[-157.78807421,21.43136753],[-157.78759136,21.431543],[-157.78672342,21.43291541],[-157.78768509,21.4321345]]],[[[-158.06620963,21.63859309],[-158.06683215,21.63810877],[-158.06795564,21.63825203],[-158.06890584,21.63747535],[-158.07027049,21.63884001],[-158.06403555,21.65482609],[-158.06334193,21.6548225],[-158.06325582,21.65406754],[-158.06249878,21.6535955],[-158.06225735,21.65303285],[-158.06268846,21.65194498],[-158.06198996,21.65195201],[-158.06174709,21.65138822],[-158.06264295,21.65068515],[-158.06374884,21.6486121],[-158.06317101,21.64856769],[-158.06336347,21.64648371],[-158.06426162,21.64554637],[-158.06509352,21.64578151],[-158.06444373,21.64506591],[-158.06485483,21.6445689],[-158.06495149,21.64322924],[-158.06325879,21.64262944],[-158.06292359,21.64193969],[-158.06341405,21.64073728],[-158.06556443,21.63826469],[-158.06620963,21.63859309]]],[[[-155.91888421,19.47316001],[-155.91876683,19.47230198],[-155.92042438,19.47120034],[-155.92192686,19.47156306],[-155.92278274,19.4702934],[-155.93525398,19.47839529],[-155.93440513,19.47877778],[-155.93385373,19.47836751],[-155.93347993,19.47900776],[-155.93339781,19.47948204],[-155.93398795,19.47952622],[-155.93393082,19.48012908],[-155.93329738,19.48082729],[-155.9328982,19.48257508],[-155.93195981,19.48207434],[-155.93115485,19.48268933],[-155.9278265,19.48200175],[-155.92159116,19.47874884],[-155.92006312,19.47716133],[-155.91969448,19.47600082],[-155.91993846,19.47443827],[-155.91946502,19.47331726],[-155.91908289,19.47349541],[-155.91888421,19.47316001]]],[[[-156.00397777,19.63378624],[-156.02081814,19.64355406],[-156.01789301,19.64704015],[-156.0169859,19.64716173],[-156.01661847,19.64763817],[-156.01425844,19.64509012],[-156.00993567,19.64324404],[-156.00937313,19.64288802],[-156.00916148,19.64188123],[-156.00545889,19.63982579],[-156.00339265,19.6379149],[-156.0026122,19.63864808],[-156.00108982,19.63730848],[-156.00397777,19.63378624]]],[[[-155.82920269,19.97975148],[-155.83028433,19.97866823],[-155.83135429,19.97921792],[-155.83139382,19.98526627],[-155.83083111,19.98484372],[-155.8313185,19.98457493],[-155.8309532,19.98431024],[-155.82999994,19.98460477],[-155.8283496,19.982341],[-155.82912319,19.98087933],[-155.82920269,19.97975148]]],[[[-155.90029753,20.16396859],[-155.89964102,20.16297055],[-155.89983663,20.16266102],[-155.89936403,20.1628114],[-155.89865324,20.16217881],[-155.89834678,20.1602747],[-155.89857555,20.15888461],[-155.89813093,20.15785123],[-155.89980582,20.15784039],[-155.90019577,20.15880953],[-155.90009347,20.16119414],[-155.90110618,20.1618766],[-155.9017782,20.16356156],[-155.90088486,20.16690036],[-155.90132088,20.16930668],[-155.90206304,20.16978771],[-155.90299466,20.17143579],[-155.90348174,20.17996924],[-155.90202373,20.17996925],[-155.90063194,20.1787949],[-155.90034332,20.17734501],[-155.90071171,20.17709171],[-155.90016779,20.17685005],[-155.90008315,20.17613199],[-155.90045072,20.1760467],[-155.89963469,20.17411404],[-155.90092362,20.17334284],[-155.90081487,20.17260526],[-155.90150934,20.1717488],[-155.90081382,20.17073573],[-155.89966302,20.17020547],[-155.89993056,20.16970198],[-155.89933702,20.16573501],[-155.90029753,20.16396859]]],[[[-156.49759094,20.62952066],[-156.4984973,20.62990974],[-156.49953001,20.63115605],[-156.49951322,20.63376287],[-156.49833068,20.63551474],[-156.49747439,20.63576027],[-156.49308979,20.63471784],[-156.49247169,20.63395385],[-156.49226393,20.63287916],[-156.49314947,20.63046718],[-156.49516123,20.62969072],[-156.49759094,20.62952066]],[[-156.49315525,20.63289534],[-156.4937661,20.63404758],[-156.49452653,20.63197491],[-156.49626216,20.63112092],[-156.49765963,20.63157695],[-156.49875269,20.63326705],[-156.49875844,20.63152549],[-156.49750113,20.63034381],[-156.49534648,20.63050368],[-156.49362198,20.63117435],[-156.49315525,20.63289534]],[[-156.49867793,20.63356219],[-156.49870755,20.6334855],[-156.49875269,20.63326705],[-156.49867793,20.63356219]]],[[[-156.63880422,21.01635338],[-156.63794696,21.01507321],[-156.63786286,21.01345484],[-156.63867264,21.01308015],[-156.6407686,21.01353221],[-156.64159199,21.01410137],[-156.63998467,21.01708345],[-156.63880422,21.01635338]]]]}},{"type":"Feature","properties":{"area_id":"area_024","area_name":"Hālawa Valley","island":"Molokaʻi","source_name":"Hawaiʻi Statewide GIS / OHA / DLNR SHPD Ahupuaʻa","source_url":"https://geodata.hawaii.gov/arcgis/rest/services/HistoricCultural/MapServer/1","geometry_status":"broader_boundary","geometry_note":"Official Hālawa ahupuaʻa used as the defensible boundary for the named valley.","parent_island_id":"island_molokai"},"geometry":{"type":"Polygon","coordinates":[[[-156.71995196,21.15997747],[-156.72870621,21.15762096],[-156.7322509,21.15942263],[-156.7339137,21.15888503],[-156.73468425,21.15782979],[-156.73538098,21.15783009],[-156.73594917,21.15888519],[-156.7371839,21.15880012],[-156.73747725,21.15917429],[-156.73717128,21.16050215],[-156.73636453,21.16037622],[-156.73604641,21.16068125],[-156.73579896,21.1684868],[-156.7375037,21.17137219],[-156.73963679,21.17292004],[-156.74582341,21.17421945],[-156.75552197,21.1748316],[-156.7595458,21.17454859],[-156.76533123,21.1760068],[-156.76657847,21.17561692],[-156.76918374,21.17643696],[-156.77078624,21.17603141],[-156.77290815,21.17376793],[-156.77634984,21.17446793],[-156.77976054,21.17313337],[-156.78235238,21.17409074],[-156.78432118,21.17409623],[-156.78599572,21.17321287],[-156.78730425,21.17193414],[-156.78878312,21.1688267],[-156.79004242,21.16940079],[-156.7906719,21.16825989],[-156.79463254,21.16764108],[-156.79670529,21.16858695],[-156.80061276,21.17433605],[-156.8028074,21.17514572],[-156.80436028,21.17524265],[-156.80842455,21.17278716],[-156.81178694,21.1729594],[-156.81454993,21.17203112],[-156.81770401,21.17200639],[-156.81929968,21.17135872],[-156.82142609,21.16931135],[-156.82299127,21.168442],[-156.82573023,21.16754257],[-156.82719671,21.16815518],[-156.82700833,21.16638502],[-156.82788846,21.16569646],[-156.82832941,21.16376506],[-156.8270779,21.15980261],[-156.81732825,21.16398015],[-156.81492484,21.16013823],[-156.81375507,21.15411781],[-156.81431638,21.14997778],[-156.81594105,21.14704802],[-156.81782275,21.1454197],[-156.82071914,21.1440934],[-156.82332573,21.14390569],[-156.82259248,21.14340183],[-156.8215785,21.13835423],[-156.82071045,21.13715554],[-156.82017168,21.13512123],[-156.8192114,21.13352626],[-156.81927771,21.13104821],[-156.81845179,21.1291118],[-156.81846351,21.12777542],[-156.81696053,21.12812405],[-156.81631229,21.12786058],[-156.81598802,21.12708203],[-156.81362266,21.12646904],[-156.81219137,21.12291283],[-156.81003349,21.12054603],[-156.80815054,21.11916484],[-156.80818098,21.11864823],[-156.80631645,21.11568917],[-156.80641993,21.11486873],[-156.7955867,21.11940142],[-156.79236795,21.12635587],[-156.79060319,21.13174663],[-156.78763285,21.1330308],[-156.78627036,21.13432241],[-156.78534822,21.13929967],[-156.78476824,21.14031478],[-156.7839861,21.14112857],[-156.78220126,21.14196986],[-156.77947559,21.1443791],[-156.77310092,21.14659132],[-156.77138353,21.14878793],[-156.76376621,21.15059736],[-156.75620427,21.14863927],[-156.75474952,21.14903988],[-156.75076395,21.14802974],[-156.74890542,21.14887194],[-156.7481597,21.14853242],[-156.74639266,21.14877303],[-156.745959,21.14928198],[-156.74521892,21.14920665],[-156.74373357,21.1501531],[-156.7415817,21.15009956],[-156.74075671,21.15074324],[-156.73940548,21.15058071],[-156.73860479,21.15136693],[-156.73740658,21.15134866],[-156.73639151,21.15194914],[-156.72978995,21.15220386],[-156.7299429,21.15266871],[-156.72931897,21.15345951],[-156.72813953,21.15323598],[-156.72629911,21.15417975],[-156.72371175,21.15746354],[-156.72156595,21.1586605],[-156.71935304,21.1591296],[-156.71995196,21.15997747]]]}},{"type":"Feature","properties":{"area_id":"area_025","area_name":"Pōhakuloa, Hawaiʻi Volcanoes National Park, and Puʻu Makaʻala","island":"Hawaiʻi Island","source_name":"Hawaiʻi Statewide GIS / DLNR","source_url":"https://geodata.hawaii.gov/arcgis/rest/services/Terrestrial/MapServer/1","geometry_status":"exact","geometry_note":"Named official Pōhakuloa, Hawaiʻi Volcanoes National Park, and Puʻu Makaʻala units dissolved as one multipart project geography.","parent_island_id":"island_hawaii"},"geometry":{"type":"MultiPolygon","coordinates":[[[[-155.74195413,19.07264334],[-155.7067402,19.06075723],[-155.70133381,19.05966756],[-155.69178,19.059033],[-155.69474277,19.0562324],[-155.69487183,19.05422712],[-155.69524211,19.05438279],[-155.69616593,19.05244114],[-155.6950014,19.05221396],[-155.6953988,19.04603942],[-155.70180007,19.04657574],[-155.70648494,19.04614742],[-155.70871757,19.04530251],[-155.70680979,19.03754606],[-155.70577221,19.03538438],[-155.70642877,19.02307433],[-155.70845051,19.01580694],[-155.75021072,18.97360737],[-155.75173185,18.9747855],[-155.7520385,18.97455998],[-155.75267478,18.97515444],[-155.75372761,18.97529786],[-155.75390677,18.97593626],[-155.75438115,18.97579338],[-155.75478597,18.97661882],[-155.75531245,18.97636044],[-155.75604128,18.97685592],[-155.75786937,18.97685649],[-155.76011376,18.9777155],[-155.76055896,18.97877755],[-155.76094653,18.97883824],[-155.76100981,18.98091816],[-155.76228817,18.98186483],[-155.76270445,18.98304797],[-155.76570685,18.9840281],[-155.76811325,18.98591042],[-155.76887694,18.98577853],[-155.76916612,18.9863728],[-155.77098259,18.98725906],[-155.77150895,18.98803491],[-155.77238826,18.98816713],[-155.77251554,18.98860736],[-155.77328505,18.98828835],[-155.77436091,18.98992265],[-155.77549488,18.98992838],[-155.77746767,18.99078704],[-155.77803444,18.99226714],[-155.77895433,18.99252039],[-155.7807304,18.99428673],[-155.78117589,18.99409429],[-155.78176013,18.99468299],[-155.78158074,18.99529921],[-155.7823213,18.99562939],[-155.78248904,18.99622911],[-155.78276679,18.99605309],[-155.78427585,18.99723369],[-155.78478505,18.99717324],[-155.78512053,18.99775663],[-155.78803055,18.99856602],[-155.79084226,19.00004118],[-155.79229429,19.00162061],[-155.7926471,19.00255614],[-155.79385062,19.00257276],[-155.79346863,19.00405839],[-155.79448116,19.00392648],[-155.79526792,19.00443279],[-155.79499005,19.00668878],[-155.79739679,19.00955023],[-155.79703804,19.00997388],[-155.79737937,19.01039762],[-155.79843249,19.0103923],[-155.79897056,19.01092059],[-155.8004865,19.01002938],[-155.80094358,19.01040911],[-155.80210652,19.01000203],[-155.80399859,19.01124573],[-155.80503428,19.01093769],[-155.80605832,19.01121838],[-155.80704779,19.01024465],[-155.80775365,19.01026114],[-155.80958786,19.01081706],[-155.81121373,19.01223113],[-155.81207479,19.01229925],[-155.81060181,19.01450472],[-155.7995288,19.01660597],[-155.77067577,19.02942896],[-155.7738987,19.03013392],[-155.75051205,19.07602598],[-155.74195413,19.07264334]]],[[[-155.70038288,19.05996709],[-155.70660919,19.0610911],[-155.71459603,19.0637746],[-155.71071666,19.06487119],[-155.7098512,19.06554618],[-155.70339645,19.06613661],[-155.70113427,19.06560276],[-155.6993187,19.06422555],[-155.6941084,19.06125471],[-155.69282912,19.05992545],[-155.69133468,19.05947287],[-155.70038288,19.05996709]]],[[[-155.50352608,19.68556044],[-155.48203556,19.6384478],[-155.53215052,19.63193896],[-155.5420317,19.63726359],[-155.54982178,19.6296478],[-155.57325419,19.62627682],[-155.57318246,19.58006551],[-155.67157384,19.58001078],[-155.72625822,19.66856517],[-155.73325985,19.67116083],[-155.74186091,19.70395241],[-155.70059472,19.74801696],[-155.69890635,19.77384465],[-155.66912298,19.78467599],[-155.68865313,19.798099],[-155.70173003,19.80096511],[-155.73036773,19.8236765],[-155.74942592,19.84176539],[-155.75038488,19.84061647],[-155.75168148,19.84071335],[-155.75221693,19.84026933],[-155.75281109,19.84068094],[-155.7533119,19.84046935],[-155.75353162,19.84282876],[-155.74247857,19.84567443],[-155.74015058,19.8471782],[-155.7122964,19.89106472],[-155.71155241,19.89115558],[-155.70923525,19.89471711],[-155.70704955,19.90093135],[-155.70566754,19.90245349],[-155.70514721,19.90600027],[-155.7000591,19.91559712],[-155.69668303,19.91800607],[-155.6959266,19.91928143],[-155.69524264,19.91958091],[-155.69475497,19.92102881],[-155.68896897,19.930547],[-155.68737575,19.93432348],[-155.68269218,19.92939955],[-155.67802696,19.9258596],[-155.67602205,19.9220344],[-155.6762415,19.91577154],[-155.67677994,19.91440892],[-155.67622147,19.91311054],[-155.67605692,19.91116963],[-155.67478289,19.90789949],[-155.67697719,19.89794544],[-155.67005977,19.89072225],[-155.66875852,19.88772624],[-155.66860748,19.88526827],[-155.66408665,19.88068322],[-155.68223035,19.88055921],[-155.68017843,19.8454532],[-155.64275205,19.84176712],[-155.64201352,19.83749735],[-155.63834621,19.83316077],[-155.63903794,19.83127733],[-155.63844122,19.82912775],[-155.63698131,19.82803427],[-155.63596964,19.82589318],[-155.63637554,19.82204117],[-155.63565377,19.81990236],[-155.63333324,19.79917255],[-155.6314664,19.80027281],[-155.61473264,19.78143369],[-155.5841936,19.77239346],[-155.57596766,19.78017724],[-155.53009713,19.77306102],[-155.52391163,19.76717616],[-155.5265404,19.76315851],[-155.52657541,19.76234386],[-155.53143692,19.75613586],[-155.53418689,19.75592705],[-155.53504743,19.75469973],[-155.53897164,19.75602102],[-155.55752906,19.75637397],[-155.56397661,19.75838268],[-155.564048,19.75805441],[-155.57598154,19.76218261],[-155.58530326,19.76564284],[-155.58793944,19.76676676],[-155.58891172,19.76792317],[-155.58912959,19.76771708],[-155.58810982,19.76653959],[-155.58290108,19.76439883],[-155.56400624,19.75774717],[-155.55795583,19.75617519],[-155.55795121,19.75588397],[-155.53982955,19.7556823],[-155.53523695,19.75440207],[-155.5382924,19.74701067],[-155.53086262,19.74795654],[-155.52821813,19.74465905],[-155.52749724,19.74481311],[-155.52811127,19.74257168],[-155.52928507,19.74160332],[-155.53037379,19.74017698],[-155.53020318,19.73996469],[-155.52784134,19.74242791],[-155.52717582,19.74487762],[-155.5225964,19.74578141],[-155.51295896,19.73941165],[-155.50284753,19.74711376],[-155.48219809,19.72760194],[-155.48514743,19.72429734],[-155.48968901,19.70992995],[-155.49791248,19.69957161],[-155.50006408,19.69765854],[-155.50352608,19.68556044]],[[-155.65526728,19.7761716],[-155.63422623,19.76449958],[-155.6560018,19.77657898],[-155.65526728,19.7761716]],[[-155.49983782,19.69844648],[-155.49904678,19.70120108],[-155.49905214,19.70118242],[-155.49983782,19.69844648]]],[[[-155.43526168,19.1633153],[-155.43617697,19.16227488],[-155.43914862,19.16074973],[-155.44132396,19.15896799],[-155.44054598,19.16301621],[-155.43832617,19.16643857],[-155.44585806,19.17575298],[-155.455367,19.18306556],[-155.4495317,19.19757749],[-155.4557086,19.20434891],[-155.45834933,19.21302617],[-155.45888948,19.21299105],[-155.45857822,19.21485099],[-155.45894702,19.21510169],[-155.45809904,19.21677424],[-155.45891557,19.21749437],[-155.45811194,19.21849177],[-155.45774582,19.22021022],[-155.46092843,19.22313758],[-155.46074543,19.22341611],[-155.45667762,19.21954541],[-155.42689795,19.20858523],[-155.42604022,19.21141049],[-155.42257334,19.21507453],[-155.42122075,19.21833753],[-155.42154882,19.22285889],[-155.42099198,19.22415933],[-155.42046009,19.23073113],[-155.41937592,19.236241],[-155.41916433,19.24279448],[-155.41724719,19.25086584],[-155.41524553,19.25720844],[-155.41307245,19.26168831],[-155.41153866,19.26602295],[-155.40831673,19.27131237],[-155.40634913,19.2755408],[-155.39058116,19.32203054],[-155.38336632,19.35807078],[-155.38008291,19.36033282],[-155.37696735,19.36392149],[-155.36980752,19.37026371],[-155.36772672,19.37318056],[-155.36174857,19.37979929],[-155.35795098,19.3853877],[-155.35669323,19.38842664],[-155.35137584,19.39530892],[-155.34587194,19.40089754],[-155.34141701,19.40368396],[-155.34128385,19.4046748],[-155.33983995,19.40710267],[-155.33741552,19.41002057],[-155.33424246,19.41270755],[-155.33384241,19.4139351],[-155.33409818,19.41569645],[-155.33312947,19.41698472],[-155.32814609,19.42053067],[-155.32757199,19.42213813],[-155.32601704,19.42260077],[-155.3250018,19.42402666],[-155.32526313,19.42496794],[-155.32468305,19.42628373],[-155.31987315,19.42963131],[-155.41761629,19.46043261],[-155.57874414,19.43116531],[-155.51885011,19.34753721],[-155.51720991,19.34174085],[-155.52792821,19.323765],[-155.55853468,19.28487292],[-155.5767686,19.26620699],[-155.63018629,19.21789944],[-155.63546501,19.21544039],[-155.63761554,19.21026167],[-155.64296957,19.20556795],[-155.65554201,19.19611972],[-155.65509043,19.19390164],[-155.68449374,19.1761368],[-155.68191602,19.17174482],[-155.67384303,19.12200649],[-155.6651413,19.08220667],[-155.66412287,19.07426402],[-155.66677998,19.07079647],[-155.67281749,19.06749965],[-155.67285056,19.05956911],[-155.67493759,19.05822402],[-155.690173,19.05910647],[-155.69290148,19.06007097],[-155.69411066,19.06139379],[-155.69827956,19.06366614],[-155.70092185,19.06561938],[-155.70354369,19.06634766],[-155.71007167,19.0656522],[-155.71062761,19.06507396],[-155.71494926,19.06385208],[-155.74753221,19.07520327],[-155.71956847,19.1296705],[-155.72071392,19.13150245],[-155.7203229,19.13325289],[-155.72083086,19.13349332],[-155.72101869,19.13621236],[-155.72186206,19.13611275],[-155.71833977,19.14302204],[-155.77098334,19.16718748],[-155.76178204,19.18300213],[-155.77246853,19.1819256],[-155.77237503,19.18670252],[-155.77780555,19.2068019],[-155.77545295,19.21267934],[-155.77690074,19.21698873],[-155.77830736,19.22583865],[-155.77998439,19.22800076],[-155.7787072,19.22830402],[-155.77901988,19.23027971],[-155.79836249,19.24988201],[-155.74523229,19.26013355],[-155.74179529,19.32955223],[-155.7465209,19.40898669],[-155.6388723,19.44794562],[-155.59614718,19.52425721],[-155.55548251,19.5037667],[-155.4814685,19.54759354],[-155.429335,19.53519564],[-155.38460248,19.50166168],[-155.37213002,19.49029635],[-155.32290493,19.44721886],[-155.29360946,19.45422888],[-155.28020517,19.43370525],[-155.27715849,19.4345252],[-155.27680589,19.43491876],[-155.27717482,19.43553651],[-155.27668453,19.43504151],[-155.27533505,19.4353809],[-155.27280233,19.4367847],[-155.26942207,19.43768477],[-155.26675322,19.43703956],[-155.26409572,19.43573992],[-155.26106669,19.43496863],[-155.25811283,19.43511114],[-155.25520002,19.43391038],[-155.248953,19.42444536],[-155.24324147,19.42305436],[-155.24258533,19.421904],[-155.23939219,19.42292433],[-155.23920696,19.42077586],[-155.23307049,19.41562614],[-155.23678117,19.41454903],[-155.23804081,19.4134243],[-155.22925415,19.39757483],[-155.13421061,19.37999745],[-155.12180828,19.39870821],[-155.05862737,19.3675405],[-155.05100194,19.35881963],[-155.0477974,19.35331856],[-155.04666062,19.34664634],[-155.0453526,19.32835314],[-155.03803271,19.32996038],[-155.03258098,19.33223716],[-155.03120291,19.33613336],[-155.02637982,19.33534806],[-155.02352308,19.33908224],[-155.02158759,19.33619542],[-155.02216445,19.33601781],[-155.02158759,19.33619541],[-155.01629922,19.32912151],[-155.01867762,19.32811419],[-155.0210151,19.3279436],[-155.02350946,19.32651257],[-155.02410683,19.32679888],[-155.02485507,19.32657877],[-155.02660112,19.32550556],[-155.02771497,19.3242946],[-155.02994804,19.32383786],[-155.0301047,19.32350204],[-155.03589893,19.32261606],[-155.03659498,19.32200502],[-155.03956468,19.32110237],[-155.04341585,19.31886193],[-155.04617658,19.31780494],[-155.04766705,19.31798106],[-155.05085684,19.3169954],[-155.05412212,19.31773265],[-155.0553168,19.3168628],[-155.05559521,19.31706093],[-155.05678982,19.31561841],[-155.05807729,19.31479805],[-155.05858763,19.31357031],[-155.05970691,19.31350406],[-155.06018245,19.31309665],[-155.06257184,19.31336048],[-155.06468279,19.31280409],[-155.06643422,19.31321661],[-155.06673001,19.31291382],[-155.06798846,19.31307315],[-155.07122438,19.31191084],[-155.07528336,19.30796289],[-155.07939473,19.30612879],[-155.0833663,19.30151976],[-155.08556961,19.30024749],[-155.08790022,19.29793998],[-155.09047483,19.29754826],[-155.09135608,19.29678282],[-155.09299698,19.29617673],[-155.09692834,19.2954378],[-155.099259,19.29387927],[-155.10120139,19.29323469],[-155.10859301,19.28807427],[-155.11328891,19.28572191],[-155.11334097,19.28526496],[-155.11491189,19.28409182],[-155.11552602,19.28277586],[-155.11892866,19.28006598],[-155.11947941,19.28006575],[-155.1210908,19.2786667],[-155.12193721,19.27839658],[-155.12277704,19.27741572],[-155.12414545,19.27704728],[-155.12581567,19.27604582],[-155.12579265,19.27569901],[-155.12624481,19.27585883],[-155.12717856,19.2751489],[-155.1288079,19.27476952],[-155.13068691,19.27333867],[-155.13500645,19.27313611],[-155.13683261,19.27391271],[-155.14034027,19.2741833],[-155.14394703,19.27265353],[-155.14535054,19.27073832],[-155.14674221,19.26996795],[-155.14865553,19.26963805],[-155.15107368,19.26744233],[-155.15703985,19.26524707],[-155.1583385,19.26586921],[-155.16028653,19.26570428],[-155.16122579,19.26512644],[-155.16202005,19.26540724],[-155.16271574,19.26498352],[-155.16394487,19.26496163],[-155.1660435,19.26566082],[-155.16993371,19.2660519],[-155.17435729,19.26410352],[-155.17614291,19.26435683],[-155.17747054,19.26388893],[-155.17951709,19.26403758],[-155.18116354,19.26349261],[-155.18457821,19.26331094],[-155.18893777,19.2610154],[-155.18984787,19.25983186],[-155.19029413,19.25797128],[-155.19098978,19.25752539],[-155.19156938,19.25630887],[-155.19253168,19.25589037],[-155.19352315,19.2580426],[-155.19449711,19.25843336],[-155.19514053,19.25815803],[-155.19689714,19.25844416],[-155.1989549,19.25761818],[-155.20445613,19.2577604],[-155.2057719,19.25727032],[-155.20649626,19.25622976],[-155.21025277,19.25721433],[-155.21253691,19.25842494],[-155.21474551,19.25846848],[-155.21620662,19.25965169],[-155.21896575,19.25914454],[-155.21977183,19.26012973],[-155.22236894,19.26088324],[-155.22297764,19.26088851],[-155.22395127,19.26013413],[-155.225499,19.26035383],[-155.22842104,19.26202634],[-155.2297137,19.26204793],[-155.23170805,19.26281244],[-155.2329369,19.26257533],[-155.23317476,19.26319726],[-155.23282189,19.26517364],[-155.23370293,19.26495318],[-155.23431174,19.26529419],[-155.23405714,19.26642829],[-155.23901941,19.26691646],[-155.24256796,19.2687372],[-155.24721075,19.26769479],[-155.2497251,19.26776635],[-155.25229828,19.26935257],[-155.25359655,19.26960609],[-155.25522513,19.27053692],[-155.25655272,19.26951881],[-155.25847142,19.26917803],[-155.25908578,19.26938183],[-155.26034323,19.27112173],[-155.26123008,19.27131456],[-155.26290524,19.27100665],[-155.26474872,19.26968584],[-155.26550801,19.26974656],[-155.26613416,19.26865672],[-155.26704996,19.26883299],[-155.26784988,19.2682937],[-155.26962353,19.26840409],[-155.27098565,19.26779329],[-155.27297374,19.26757887],[-155.27615593,19.26522303],[-155.27624859,19.26598828],[-155.27906549,19.26673168],[-155.28446149,19.26567504],[-155.28540042,19.26527323],[-155.28608429,19.26405666],[-155.2875159,19.26357774],[-155.2903153,19.26380902],[-155.2908601,19.26340169],[-155.29368839,19.26330263],[-155.29851008,19.26001047],[-155.29977929,19.25975166],[-155.30123967,19.25870558],[-155.30179584,19.25749444],[-155.30495396,19.25491776],[-155.30917177,19.24901596],[-155.31133839,19.2469314],[-155.31311743,19.24594578],[-155.31623521,19.24243327],[-155.31934711,19.24091338],[-155.32368806,19.23980583],[-155.32582705,19.23849512],[-155.33146152,19.23637421],[-155.33133974,19.23577981],[-155.33413948,19.2347],[-155.33561759,19.23336201],[-155.33566387,19.23270142],[-155.33692172,19.23220568],[-155.3377158,19.23123664],[-155.33848094,19.23109329],[-155.33877066,19.23052076],[-155.33849817,19.22956315],[-155.34096133,19.22639736],[-155.34122204,19.2250873],[-155.34231757,19.22477868],[-155.34281016,19.22380432],[-155.34385274,19.21892749],[-155.34508145,19.2183106],[-155.34632735,19.21688464],[-155.34644869,19.21480415],[-155.3474861,19.214325],[-155.34790323,19.21337263],[-155.34858138,19.21309173],[-155.34863343,19.21238171],[-155.35041865,19.21221599],[-155.35306136,19.21053089],[-155.35345522,19.20948498],[-155.35425503,19.20923698],[-155.35468955,19.20838376],[-155.35725106,19.20703978],[-155.35757528,19.20604902],[-155.36221152,19.20439036],[-155.36277929,19.20384528],[-155.36698654,19.202561],[-155.36812796,19.20170187],[-155.37068943,19.20105673],[-155.37135559,19.20045642],[-155.37285246,19.20071447],[-155.37443475,19.1996745],[-155.37790596,19.199312],[-155.37895501,19.19865168],[-155.3792156,19.19901497],[-155.38038045,19.19891614],[-155.38045004,19.1985143],[-155.38112796,19.19888325],[-155.38307504,19.19864133],[-155.38438455,19.19899387],[-155.38798322,19.19810267],[-155.39087506,19.19664438],[-155.39182555,19.19559871],[-155.39439852,19.19443217],[-155.39521565,19.19326533],[-155.39515786,19.19250027],[-155.3960446,19.19138849],[-155.39851895,19.18938517],[-155.39875076,19.18855407],[-155.39956774,19.18802568],[-155.40230251,19.18708454],[-155.40667095,19.18738734],[-155.40959686,19.185648],[-155.41149721,19.18513605],[-155.41208243,19.18452506],[-155.414591,19.18482763],[-155.41650303,19.18225155],[-155.41658998,19.18150297],[-155.41755174,19.1810075],[-155.41766766,19.18055066],[-155.4241564,19.176488],[-155.42593495,19.17429713],[-155.42675762,19.17156149],[-155.42773089,19.16989362],[-155.42869834,19.16922206],[-155.42964843,19.16757624],[-155.43030303,19.16692674],[-155.43220308,19.16635951],[-155.43343695,19.16428979],[-155.43526168,19.1633153]],[[-155.03258098,19.33223716],[-155.02410622,19.32983212],[-155.02378488,19.33099582],[-155.02410622,19.32983213],[-155.03258098,19.33223716]]],[[[-155.20405019,19.4826329],[-155.20172291,19.48012404],[-155.24434119,19.45621187],[-155.24299913,19.45405709],[-155.25394607,19.44798273],[-155.25857479,19.45534019],[-155.24861446,19.46326027],[-155.26301756,19.48605144],[-155.27387915,19.48001923],[-155.29894872,19.52050459],[-155.33995884,19.55697629],[-155.35410045,19.59294678],[-155.34078331,19.59770699],[-155.33611641,19.58795336],[-155.31508974,19.58231433],[-155.30945456,19.56812843],[-155.27717651,19.55988112],[-155.27718629,19.55890144],[-155.27936083,19.55893475],[-155.2805145,19.55860928],[-155.28119098,19.55814117],[-155.28287816,19.55614728],[-155.28627855,19.5544611],[-155.29016873,19.5540063],[-155.29680557,19.55416582],[-155.29789751,19.55369463],[-155.29953628,19.55247451],[-155.30082272,19.55193671],[-155.30752029,19.55443333],[-155.30670936,19.55816933],[-155.30223163,19.55942219],[-155.30223527,19.56183574],[-155.30866554,19.5611466],[-155.31301106,19.56183191],[-155.31417079,19.56170015],[-155.31412234,19.56144999],[-155.32792805,19.561292],[-155.32833297,19.55784333],[-155.3273204,19.55689732],[-155.32675525,19.55545937],[-155.3253753,19.55515731],[-155.32312703,19.55689353],[-155.32250099,19.55691493],[-155.32246723,19.55639219],[-155.31155394,19.55667724],[-155.3099686,19.55443778],[-155.31093451,19.55206724],[-155.31080944,19.54980516],[-155.30776814,19.55007793],[-155.30622739,19.54949832],[-155.30819515,19.54606711],[-155.3065216,19.54544942],[-155.30571894,19.54550524],[-155.30516753,19.54620319],[-155.30428758,19.54587421],[-155.30363513,19.5460809],[-155.30176732,19.54501775],[-155.30199434,19.54423383],[-155.30005678,19.54337776],[-155.29899369,19.54233626],[-155.29773039,19.54251365],[-155.29772793,19.54330081],[-155.29860655,19.54527034],[-155.299192,19.54528224],[-155.29947729,19.54823108],[-155.29766797,19.54743765],[-155.2958945,19.54798689],[-155.29750274,19.55080989],[-155.29860727,19.5503195],[-155.29948972,19.55236648],[-155.29880829,19.55296174],[-155.2967815,19.55405714],[-155.29016517,19.55389622],[-155.28624763,19.55435475],[-155.28280391,19.55606192],[-155.28046257,19.55850989],[-155.27718738,19.55879131],[-155.27717104,19.55754691],[-155.28561527,19.55218025],[-155.28568146,19.52674667],[-155.24778392,19.54462573],[-155.24889844,19.54594732],[-155.24886338,19.5466189],[-155.25036671,19.54892602],[-155.25003548,19.54990584],[-155.24912922,19.55081952],[-155.24904182,19.55184344],[-155.24979064,19.5528841],[-155.25091633,19.55614352],[-155.25110156,19.55825759],[-155.25200111,19.56053141],[-155.25214562,19.56283266],[-155.24264163,19.56377504],[-155.23766668,19.56182126],[-155.2352742,19.56212566],[-155.23026597,19.5645824],[-155.22878127,19.56600461],[-155.22757199,19.56865588],[-155.22569608,19.56905507],[-155.21920077,19.56813055],[-155.20058339,19.57143243],[-155.19944353,19.57110064],[-155.19896805,19.57014518],[-155.19963735,19.56864282],[-155.20149337,19.56702416],[-155.2007091,19.56586416],[-155.20059047,19.56393088],[-155.20006198,19.56257424],[-155.20019084,19.55860149],[-155.20064461,19.55777607],[-155.19992716,19.5570944],[-155.19939698,19.553829],[-155.19866903,19.55300449],[-155.19695414,19.54920554],[-155.19656416,19.54579964],[-155.19683561,19.5444079],[-155.19640099,19.54321449],[-155.19703633,19.54232907],[-155.19930202,19.54069198],[-155.20013912,19.53880968],[-155.19771847,19.53554326],[-155.19755276,19.53317654],[-155.19693657,19.53234208],[-155.19584422,19.5274836],[-155.19665785,19.52552005],[-155.19644624,19.52407449],[-155.19433198,19.52221953],[-155.19348918,19.52176846],[-155.19297983,19.52220361],[-155.18293359,19.51615542],[-155.18991231,19.51021473],[-155.18626021,19.50779806],[-155.20405019,19.4826329]]]]}},{"type":"Feature","properties":{"area_id":"area_026","area_name":"Mahanaloa Gulch","island":"Kauaʻi","source_name":"","source_url":"","geometry_status":"unresolved","geometry_note":"No authoritative public polygon for the named gulch was identified.","parent_island_id":"island_kauai"},"geometry":null},{"type":"Feature","properties":{"area_id":"area_027","area_name":"Kohala watershed and Pelekane Bay","island":"Hawaiʻi Island","source_name":"","source_url":"","geometry_status":"unresolved","geometry_note":"The wording combines an upland watershed and coastal bay without a defined project footprint.","parent_island_id":"island_hawaii"},"geometry":null},{"type":"Feature","properties":{"area_id":"area_028","area_name":"Keālia Pond National Wildlife Refuge","island":"Maui","source_name":"Hawaiʻi Statewide GIS / DLNR","source_url":"https://geodata.hawaii.gov/arcgis/rest/services/Terrestrial/MapServer/1","geometry_status":"exact","geometry_note":"Exact official Keālia Pond National Wildlife Refuge boundary.","parent_island_id":"island_maui"},"geometry":{"type":"MultiPolygon","coordinates":[[[[-156.47633843,20.80111387],[-156.47548993,20.80139306],[-156.46985372,20.79925327],[-156.46880653,20.79931515],[-156.46684111,20.79559048],[-156.46519347,20.79569277],[-156.46500731,20.79491743],[-156.4665455,20.79426481],[-156.46512981,20.78916084],[-156.46656389,20.78711242],[-156.46823903,20.78669341],[-156.46942113,20.78741643],[-156.4689309,20.78917984],[-156.47011541,20.78933847],[-156.47065653,20.78813454],[-156.47259771,20.78947543],[-156.48418754,20.79497438],[-156.4870174,20.79731755],[-156.49249315,20.79894497],[-156.49299466,20.80064412],[-156.49117496,20.80111903],[-156.48975232,20.80228581],[-156.48317107,20.80328373],[-156.4789989,20.80325236],[-156.47897906,20.80166665],[-156.47633843,20.80111387]],[[-156.46853043,20.7870161],[-156.46821565,20.78683844],[-156.46796262,20.78888223],[-156.46835795,20.78909229],[-156.46853043,20.7870161]]],[[[-156.48764051,20.79746132],[-156.48451854,20.79505251],[-156.48751934,20.79610426],[-156.49033079,20.79630406],[-156.49506672,20.79755515],[-156.49738331,20.7975727],[-156.49799705,20.79881333],[-156.49601674,20.80004535],[-156.49482006,20.79948039],[-156.48764051,20.79746132]]]]}},{"type":"Feature","properties":{"area_id":"area_029","area_name":"Kaʻūpūlehu dryland forest","island":"Hawaiʻi Island","source_name":"Hawaiʻi Statewide GIS / OHA / DLNR SHPD Ahupuaʻa","source_url":"https://geodata.hawaii.gov/arcgis/rest/services/HistoricCultural/MapServer/1","geometry_status":"broader_boundary","geometry_note":"Official Kaʻūpūlehu ahupuaʻa used because the dryland-forest study footprint is not an official polygon.","parent_island_id":"island_hawaii"},"geometry":{"type":"Polygon","coordinates":[[[-155.89482608,19.72028564],[-155.90623271,19.74920478],[-155.91157467,19.76142742],[-155.9187361,19.78050956],[-155.94769351,19.81696154],[-155.96517331,19.85135029],[-155.96519277,19.85100612],[-155.96616363,19.85081051],[-155.96657661,19.85028946],[-155.96755384,19.85013457],[-155.96831469,19.84925385],[-155.96939,19.84933531],[-155.97027445,19.84872749],[-155.97147178,19.84872526],[-155.97412277,19.84740269],[-155.97391986,19.84716003],[-155.97502399,19.84647466],[-155.97547807,19.84560675],[-155.97657006,19.84543569],[-155.97664587,19.84508492],[-155.97707655,19.84526374],[-155.97692534,19.8449362],[-155.9780179,19.84347429],[-155.98012215,19.84280583],[-155.97993014,19.84236477],[-155.98075034,19.84124124],[-155.98115636,19.83950589],[-155.98102278,19.83868668],[-155.98215551,19.83793404],[-155.9819756,19.83767373],[-155.98238806,19.83723838],[-155.98389968,19.83662753],[-155.98398133,19.83621818],[-155.9858818,19.83490526],[-155.98670814,19.83522163],[-155.98687034,19.83458797],[-155.98637624,19.83429526],[-155.98666009,19.83365914],[-155.9860081,19.83200068],[-155.98646676,19.8312005],[-155.98851422,19.83113125],[-155.98893873,19.83056069],[-155.99116455,19.82988509],[-155.99468696,19.82772377],[-155.99538429,19.82671996],[-155.99758336,19.82575043],[-155.9977123,19.82440756],[-155.99734564,19.82399517],[-155.99787581,19.82319165],[-155.99759665,19.8224377],[-155.99693481,19.82206096],[-155.99706793,19.82141977],[-155.99462433,19.81911312],[-155.99160404,19.8148335],[-155.9843134,19.80290441],[-155.97516918,19.76137497],[-155.96240687,19.74907481],[-155.95885291,19.74738307],[-155.952151,19.73855658],[-155.94628126,19.71989422],[-155.93783446,19.71662392],[-155.93391292,19.71606167],[-155.91782833,19.71864637],[-155.89482608,19.72028564]]]}},{"type":"Feature","properties":{"area_id":"area_030","area_name":"all major islands","island":"Hawaiian archipelago","source_name":"","source_url":"","geometry_status":"unresolved","geometry_note":"This is an island-level aggregate, not a distinct area polygon.","parent_island_id":"island_hawaiian_archipelago"},"geometry":null},{"type":"Feature","properties":{"area_id":"area_031","area_name":"ʻUlupalakua Ranch","island":"Maui","source_name":"","source_url":"","geometry_status":"unresolved","geometry_note":"No authoritative public ranch boundary was identified.","parent_island_id":"island_maui"},"geometry":null},{"type":"Feature","properties":{"area_id":"area_032","area_name":"Hawaiʻi, Palau, and Pacific Northwest/Alaska examples","island":"Multiple","source_name":"","source_url":"","geometry_status":"unresolved","geometry_note":"The wording combines widely separated illustrative examples and is not one project geography.","parent_island_id":""},"geometry":null},{"type":"Feature","properties":{"area_id":"area_033","area_name":"Hawaiʻi Volcanoes National Park","island":"Hawaiʻi Island","source_name":"Hawaiʻi Statewide GIS / DLNR","source_url":"https://geodata.hawaii.gov/arcgis/rest/services/Terrestrial/MapServer/1","geometry_status":"exact","geometry_note":"Official national-park component polygons dissolved into one park feature.","parent_island_id":"island_hawaii"},"geometry":{"type":"MultiPolygon","coordinates":[[[[-155.75051205,19.07602598],[-155.7067402,19.06075723],[-155.70133381,19.05966756],[-155.69178,19.059033],[-155.69474277,19.0562324],[-155.69487183,19.05422712],[-155.69524211,19.05438279],[-155.69616593,19.05244114],[-155.6950014,19.05221396],[-155.6953988,19.04603942],[-155.70180007,19.04657574],[-155.70648494,19.04614742],[-155.70871757,19.04530251],[-155.70680979,19.03754606],[-155.70577221,19.03538438],[-155.70642877,19.02307433],[-155.70845051,19.01580694],[-155.75021072,18.97360737],[-155.75173185,18.9747855],[-155.7520385,18.97455998],[-155.75267478,18.97515444],[-155.75372761,18.97529786],[-155.75390677,18.97593626],[-155.75438115,18.97579338],[-155.75478597,18.97661882],[-155.75531245,18.97636044],[-155.75604128,18.97685592],[-155.75786937,18.97685649],[-155.76011376,18.9777155],[-155.76055896,18.97877755],[-155.76094653,18.97883824],[-155.76100981,18.98091816],[-155.76228817,18.98186483],[-155.76270445,18.98304797],[-155.76570685,18.9840281],[-155.76811325,18.98591042],[-155.76887694,18.98577853],[-155.76916612,18.9863728],[-155.77098259,18.98725906],[-155.77150895,18.98803491],[-155.77238826,18.98816713],[-155.77251554,18.98860736],[-155.77328505,18.98828835],[-155.77436091,18.98992265],[-155.77549488,18.98992838],[-155.77746767,18.99078704],[-155.77803444,18.99226714],[-155.77895433,18.99252039],[-155.7807304,18.99428673],[-155.78117589,18.99409429],[-155.78176013,18.99468299],[-155.78158074,18.99529921],[-155.7823213,18.99562939],[-155.78248904,18.99622911],[-155.78276679,18.99605309],[-155.78427585,18.99723369],[-155.78478505,18.99717324],[-155.78512053,18.99775663],[-155.78803055,18.99856602],[-155.79084226,19.00004118],[-155.79229429,19.00162061],[-155.7926471,19.00255614],[-155.79385062,19.00257276],[-155.79346863,19.00405839],[-155.79448116,19.00392648],[-155.79526792,19.00443279],[-155.79499005,19.00668878],[-155.79739679,19.00955023],[-155.79703804,19.00997388],[-155.79737937,19.01039762],[-155.79843249,19.0103923],[-155.79897056,19.01092059],[-155.8004865,19.01002938],[-155.80094358,19.01040911],[-155.80210652,19.01000203],[-155.80399859,19.01124573],[-155.80503428,19.01093769],[-155.80605832,19.01121838],[-155.80704779,19.01024465],[-155.80775365,19.01026114],[-155.80958786,19.01081706],[-155.81121373,19.01223113],[-155.81207479,19.01229925],[-155.81060181,19.01450472],[-155.7995288,19.01660597],[-155.77067577,19.02942896],[-155.7738987,19.03013392],[-155.75051205,19.07602598]]],[[[-155.69989662,19.05992589],[-155.70613898,19.06096628],[-155.71459603,19.0637746],[-155.71071666,19.06487119],[-155.7098512,19.06554618],[-155.70339645,19.06613661],[-155.70113427,19.06560276],[-155.6993187,19.06422555],[-155.6941084,19.06125471],[-155.69282912,19.05992545],[-155.69133468,19.05947287],[-155.69989662,19.05992589]]],[[[-155.43302571,19.16470273],[-155.43617697,19.16227488],[-155.43914862,19.16074973],[-155.44132396,19.15896799],[-155.44054598,19.16301621],[-155.43832617,19.16643857],[-155.44585806,19.17575298],[-155.455367,19.18306556],[-155.4495317,19.19757749],[-155.4557086,19.20434891],[-155.45834933,19.21302617],[-155.45888948,19.21299105],[-155.45857822,19.21485099],[-155.45894702,19.21510169],[-155.45809904,19.21677424],[-155.45891557,19.21749437],[-155.45811194,19.21849177],[-155.45774582,19.22021022],[-155.46092843,19.22313758],[-155.46074543,19.22341611],[-155.45667762,19.21954541],[-155.42689795,19.20858523],[-155.42604022,19.21141049],[-155.42257334,19.21507453],[-155.42122075,19.21833753],[-155.42154882,19.22285889],[-155.42099198,19.22415933],[-155.42046009,19.23073113],[-155.41937592,19.236241],[-155.41916433,19.24279448],[-155.41724719,19.25086584],[-155.41524553,19.25720844],[-155.41307245,19.26168831],[-155.41153866,19.26602295],[-155.40831673,19.27131237],[-155.40634913,19.2755408],[-155.39058116,19.32203054],[-155.38336632,19.35807078],[-155.38008291,19.36033282],[-155.37696735,19.36392149],[-155.36980752,19.37026371],[-155.36772672,19.37318056],[-155.36174857,19.37979929],[-155.35795098,19.3853877],[-155.35669323,19.38842664],[-155.35137584,19.39530892],[-155.34587194,19.40089754],[-155.34141701,19.40368396],[-155.34128385,19.4046748],[-155.33983995,19.40710267],[-155.33741552,19.41002057],[-155.33424246,19.41270755],[-155.33384241,19.4139351],[-155.33409818,19.41569645],[-155.33312947,19.41698472],[-155.32814609,19.42053067],[-155.32757199,19.42213813],[-155.32601704,19.42260077],[-155.3250018,19.42402666],[-155.32526313,19.42496794],[-155.32468305,19.42628373],[-155.31987315,19.42963131],[-155.41761629,19.46043261],[-155.57874414,19.43116531],[-155.51885011,19.34753721],[-155.51720991,19.34174085],[-155.52792821,19.323765],[-155.55853468,19.28487292],[-155.5767686,19.26620699],[-155.63018629,19.21789944],[-155.63546501,19.21544039],[-155.63761554,19.21026167],[-155.64296957,19.20556795],[-155.65554201,19.19611972],[-155.65509043,19.19390164],[-155.68449374,19.1761368],[-155.68191602,19.17174482],[-155.67384303,19.12200649],[-155.6651413,19.08220667],[-155.66412287,19.07426402],[-155.66677998,19.07079647],[-155.67281749,19.06749965],[-155.67285056,19.05956911],[-155.67493759,19.05822402],[-155.690173,19.05910647],[-155.69290148,19.06007097],[-155.69411066,19.06139379],[-155.69827956,19.06366614],[-155.70092185,19.06561938],[-155.70354369,19.06634766],[-155.71007167,19.0656522],[-155.71062761,19.06507396],[-155.71494926,19.06385208],[-155.74753221,19.07520327],[-155.71956847,19.1296705],[-155.72071392,19.13150245],[-155.7203229,19.13325289],[-155.72083086,19.13349332],[-155.72101869,19.13621236],[-155.72186206,19.13611275],[-155.71833977,19.14302204],[-155.77098334,19.16718748],[-155.76178204,19.18300213],[-155.77246853,19.1819256],[-155.77237503,19.18670252],[-155.77780555,19.2068019],[-155.77545295,19.21267934],[-155.77690074,19.21698873],[-155.77830736,19.22583865],[-155.77998439,19.22800076],[-155.7787072,19.22830402],[-155.77901988,19.23027971],[-155.79836249,19.24988201],[-155.74523229,19.26013355],[-155.74179529,19.32955223],[-155.7465209,19.40898669],[-155.6388723,19.44794562],[-155.59614718,19.52425721],[-155.55548251,19.5037667],[-155.4814685,19.54759354],[-155.429335,19.53519564],[-155.38460248,19.50166168],[-155.37213002,19.49029635],[-155.32290493,19.44721886],[-155.29360946,19.45422888],[-155.28020517,19.43370525],[-155.27715849,19.4345252],[-155.27680589,19.43491876],[-155.27717482,19.43553651],[-155.27668453,19.43504151],[-155.27533505,19.4353809],[-155.27280233,19.4367847],[-155.26942207,19.43768477],[-155.26675322,19.43703956],[-155.26409572,19.43573992],[-155.26106669,19.43496863],[-155.25811283,19.43511114],[-155.25520002,19.43391038],[-155.248953,19.42444536],[-155.24324147,19.42305436],[-155.24258533,19.421904],[-155.23939219,19.42292433],[-155.23920696,19.42077586],[-155.23307049,19.41562614],[-155.23678117,19.41454903],[-155.23804081,19.4134243],[-155.22925415,19.39757483],[-155.13421061,19.37999745],[-155.12180828,19.39870821],[-155.05862737,19.3675405],[-155.05100194,19.35881963],[-155.0477974,19.35331856],[-155.04666062,19.34664634],[-155.0453526,19.32835314],[-155.03803271,19.32996038],[-155.03258098,19.33223716],[-155.03120291,19.33613336],[-155.02637982,19.33534806],[-155.02352308,19.33908224],[-155.02158759,19.33619542],[-155.02216445,19.33601781],[-155.02158759,19.33619541],[-155.01629922,19.32912151],[-155.01867762,19.32811419],[-155.0210151,19.3279436],[-155.02350946,19.32651257],[-155.02410683,19.32679888],[-155.02485507,19.32657877],[-155.02660112,19.32550556],[-155.02771497,19.3242946],[-155.02994804,19.32383786],[-155.0301047,19.32350204],[-155.03589893,19.32261606],[-155.03659498,19.32200502],[-155.03956468,19.32110237],[-155.04341585,19.31886193],[-155.04617658,19.31780494],[-155.04766705,19.31798106],[-155.05085684,19.3169954],[-155.05412212,19.31773265],[-155.0553168,19.3168628],[-155.05559521,19.31706093],[-155.05678982,19.31561841],[-155.05807729,19.31479805],[-155.05858763,19.31357031],[-155.05970691,19.31350406],[-155.06018245,19.31309665],[-155.06257184,19.31336048],[-155.06468279,19.31280409],[-155.06643422,19.31321661],[-155.06673001,19.31291382],[-155.06798846,19.31307315],[-155.07122438,19.31191084],[-155.07528336,19.30796289],[-155.07939473,19.30612879],[-155.0833663,19.30151976],[-155.08556961,19.30024749],[-155.08790022,19.29793998],[-155.09047483,19.29754826],[-155.09135608,19.29678282],[-155.09299698,19.29617673],[-155.09692834,19.2954378],[-155.099259,19.29387927],[-155.10120139,19.29323469],[-155.10859301,19.28807427],[-155.11328891,19.28572191],[-155.11334097,19.28526496],[-155.11491189,19.28409182],[-155.11552602,19.28277586],[-155.11892866,19.28006598],[-155.11947941,19.28006575],[-155.1210908,19.2786667],[-155.12193721,19.27839658],[-155.12277704,19.27741572],[-155.12414545,19.27704728],[-155.12581567,19.27604582],[-155.12579265,19.27569901],[-155.12624481,19.27585883],[-155.12717856,19.2751489],[-155.1288079,19.27476952],[-155.13068691,19.27333867],[-155.13500645,19.27313611],[-155.13683261,19.27391271],[-155.14034027,19.2741833],[-155.14394703,19.27265353],[-155.14535054,19.27073832],[-155.14674221,19.26996795],[-155.14865553,19.26963805],[-155.15107368,19.26744233],[-155.15703985,19.26524707],[-155.1583385,19.26586921],[-155.16028653,19.26570428],[-155.16122579,19.26512644],[-155.16202005,19.26540724],[-155.16271574,19.26498352],[-155.16394487,19.26496163],[-155.1660435,19.26566082],[-155.16993371,19.2660519],[-155.17435729,19.26410352],[-155.17614291,19.26435683],[-155.17747054,19.26388893],[-155.17951709,19.26403758],[-155.18116354,19.26349261],[-155.18457821,19.26331094],[-155.18893777,19.2610154],[-155.18984787,19.25983186],[-155.19029413,19.25797128],[-155.19098978,19.25752539],[-155.19156938,19.25630887],[-155.19253168,19.25589037],[-155.19352315,19.2580426],[-155.19449711,19.25843336],[-155.19514053,19.25815803],[-155.19689714,19.25844416],[-155.1989549,19.25761818],[-155.20445613,19.2577604],[-155.2057719,19.25727032],[-155.20649626,19.25622976],[-155.21025277,19.25721433],[-155.21253691,19.25842494],[-155.21474551,19.25846848],[-155.21620662,19.25965169],[-155.21896575,19.25914454],[-155.21977183,19.26012973],[-155.22236894,19.26088324],[-155.22297764,19.26088851],[-155.22395127,19.26013413],[-155.225499,19.26035383],[-155.22842104,19.26202634],[-155.2297137,19.26204793],[-155.23170805,19.26281244],[-155.2329369,19.26257533],[-155.23317476,19.26319726],[-155.23282189,19.26517364],[-155.23370293,19.26495318],[-155.23431174,19.26529419],[-155.23405714,19.26642829],[-155.23901941,19.26691646],[-155.24256796,19.2687372],[-155.24721075,19.26769479],[-155.2497251,19.26776635],[-155.25229828,19.26935257],[-155.25359655,19.26960609],[-155.25522513,19.27053692],[-155.25655272,19.26951881],[-155.25847142,19.26917803],[-155.25908578,19.26938183],[-155.26034323,19.27112173],[-155.26123008,19.27131456],[-155.26290524,19.27100665],[-155.26474872,19.26968584],[-155.26550801,19.26974656],[-155.26613416,19.26865672],[-155.26704996,19.26883299],[-155.26784988,19.2682937],[-155.26962353,19.26840409],[-155.27098565,19.26779329],[-155.27297374,19.26757887],[-155.27615593,19.26522303],[-155.27624859,19.26598828],[-155.27906549,19.26673168],[-155.28446149,19.26567504],[-155.28540042,19.26527323],[-155.28608429,19.26405666],[-155.2875159,19.26357774],[-155.2903153,19.26380902],[-155.2908601,19.26340169],[-155.29368839,19.26330263],[-155.29851008,19.26001047],[-155.29977929,19.25975166],[-155.30123967,19.25870558],[-155.30179584,19.25749444],[-155.30495396,19.25491776],[-155.30917177,19.24901596],[-155.31133839,19.2469314],[-155.31311743,19.24594578],[-155.31623521,19.24243327],[-155.31934711,19.24091338],[-155.32368806,19.23980583],[-155.32582705,19.23849512],[-155.33146152,19.23637421],[-155.33133974,19.23577981],[-155.33413948,19.2347],[-155.33561759,19.23336201],[-155.33566387,19.23270142],[-155.33692172,19.23220568],[-155.3377158,19.23123664],[-155.33848094,19.23109329],[-155.33877066,19.23052076],[-155.33849817,19.22956315],[-155.34096133,19.22639736],[-155.34122204,19.2250873],[-155.34231757,19.22477868],[-155.34281016,19.22380432],[-155.34385274,19.21892749],[-155.34508145,19.2183106],[-155.34632735,19.21688464],[-155.34644869,19.21480415],[-155.3474861,19.214325],[-155.34790323,19.21337263],[-155.34858138,19.21309173],[-155.34863343,19.21238171],[-155.35041865,19.21221599],[-155.35306136,19.21053089],[-155.35345522,19.20948498],[-155.35425503,19.20923698],[-155.35468955,19.20838376],[-155.35725106,19.20703978],[-155.35757528,19.20604902],[-155.36221152,19.20439036],[-155.36277929,19.20384528],[-155.36698654,19.202561],[-155.36812796,19.20170187],[-155.37068943,19.20105673],[-155.37135559,19.20045642],[-155.37285246,19.20071447],[-155.37443475,19.1996745],[-155.37790596,19.199312],[-155.37895501,19.19865168],[-155.3792156,19.19901497],[-155.38038045,19.19891614],[-155.38045004,19.1985143],[-155.38112796,19.19888325],[-155.38307504,19.19864133],[-155.38438455,19.19899387],[-155.38798322,19.19810267],[-155.39087506,19.19664438],[-155.39182555,19.19559871],[-155.39439852,19.19443217],[-155.39521565,19.19326533],[-155.39515786,19.19250027],[-155.3960446,19.19138849],[-155.39851895,19.18938517],[-155.39875076,19.18855407],[-155.39956774,19.18802568],[-155.40230251,19.18708454],[-155.40667095,19.18738734],[-155.40959686,19.185648],[-155.41149721,19.18513605],[-155.41208243,19.18452506],[-155.414591,19.18482763],[-155.41650303,19.18225155],[-155.41658998,19.18150297],[-155.41755174,19.1810075],[-155.41766766,19.18055066],[-155.4241564,19.176488],[-155.42593495,19.17429713],[-155.42675762,19.17156149],[-155.42773089,19.16989362],[-155.42869834,19.16922206],[-155.42964843,19.16757624],[-155.43030303,19.16692674],[-155.43220308,19.16635951],[-155.43302571,19.16470273]],[[-155.03258098,19.33223716],[-155.02410622,19.32983212],[-155.02378488,19.33099582],[-155.02410622,19.32983213],[-155.03258098,19.33223716]]],[[[-155.19835167,19.49072053],[-155.20405019,19.4826329],[-155.20172291,19.48012404],[-155.24434119,19.45621187],[-155.24299913,19.45405709],[-155.25394607,19.44798273],[-155.25857479,19.45534019],[-155.24861446,19.46326027],[-155.27472318,19.50506588],[-155.22455094,19.53306179],[-155.19835167,19.49072053]]]]}},{"type":"Feature","properties":{"area_id":"area_034","area_name":"Waiʻoli Valley","island":"Kauaʻi","source_name":"Hawaiʻi Statewide GIS / OHA / DLNR SHPD Ahupuaʻa","source_url":"https://geodata.hawaii.gov/arcgis/rest/services/HistoricCultural/MapServer/1","geometry_status":"broader_boundary","geometry_note":"Official Waiʻoli ahupuaʻa used as the defensible boundary for the named valley.","parent_island_id":"island_kauai"},"geometry":{"type":"Polygon","coordinates":[[[-159.50659516,22.20255556],[-159.50830354,22.1986497],[-159.50953926,22.19704226],[-159.50981643,22.19326282],[-159.513447,22.19039434],[-159.51391961,22.18896769],[-159.51388965,22.18755618],[-159.5134284,22.18684167],[-159.51452765,22.18459319],[-159.51465072,22.18007341],[-159.51543035,22.17572095],[-159.51492714,22.17370564],[-159.51396282,22.17191537],[-159.51447103,22.16945419],[-159.51437588,22.16786897],[-159.51502004,22.16604653],[-159.51484826,22.16481164],[-159.51323349,22.16190994],[-159.5125942,22.1591994],[-159.50943058,22.15648547],[-159.5086557,22.15481654],[-159.50658024,22.15226176],[-159.50566385,22.15169092],[-159.50476468,22.15016465],[-159.50325118,22.14888193],[-159.50253572,22.14744316],[-159.50121113,22.1466906],[-159.50032408,22.14453638],[-159.49870415,22.14251538],[-159.50041251,22.14054971],[-159.50058372,22.1398558],[-159.49834282,22.13677065],[-159.4980826,22.13497587],[-159.49754448,22.13395211],[-159.49664601,22.13352345],[-159.49553447,22.13107626],[-159.49493772,22.1336664],[-159.49606691,22.13613387],[-159.49535165,22.13802196],[-159.49571277,22.14069277],[-159.49495037,22.14297851],[-159.4959908,22.14473479],[-159.49596142,22.14595903],[-159.49651133,22.14687661],[-159.49632833,22.14810583],[-159.49179424,22.15206077],[-159.48962439,22.15333209],[-159.48834751,22.15685705],[-159.48735459,22.16136362],[-159.48786919,22.16373585],[-159.48714193,22.16643929],[-159.48523236,22.16962957],[-159.48509645,22.17181628],[-159.48306243,22.17383019],[-159.48315712,22.17564806],[-159.48268409,22.17738857],[-159.48299144,22.17809459],[-159.48481856,22.17841441],[-159.48527984,22.17883765],[-159.48729067,22.18207497],[-159.48920051,22.18377674],[-159.48999304,22.18557218],[-159.49033018,22.18584897],[-159.49243529,22.18569808],[-159.49333425,22.18740059],[-159.4946178,22.18819398],[-159.49596017,22.19002838],[-159.49740936,22.19283588],[-159.49707254,22.19395942],[-159.49755786,22.19662983],[-159.50102449,22.20451741],[-159.5043064,22.20288112],[-159.50659516,22.20255556]]]}},{"type":"Feature","properties":{"area_id":"area_035","area_name":"Kona","island":"Hawaiʻi Island","source_name":"Hawaiʻi Statewide GIS / DLNR SHPD Moku","source_url":"https://geodata.hawaii.gov/arcgis/rest/services/HistoricCultural/MapServer/3","geometry_status":"broader_boundary","geometry_note":"Official Kona moku on Hawaiʻi Island used; the source wording does not distinguish North from South Kona.","parent_island_id":"island_hawaii"},"geometry":{"type":"Polygon","coordinates":[[[-155.88967746,19.91293018],[-155.89105024,19.91166342],[-155.89349955,19.91085774],[-155.89515248,19.91100395],[-155.89494324,19.91011119],[-155.89666514,19.90935144],[-155.89904441,19.90932072],[-155.90034168,19.90708672],[-155.90047008,19.90588391],[-155.90111084,19.90581384],[-155.90154651,19.90524824],[-155.9010812,19.90390421],[-155.90197773,19.90209196],[-155.90108191,19.90123238],[-155.90104732,19.90037425],[-155.90364233,19.89954838],[-155.90360083,19.89929039],[-155.90461946,19.89941645],[-155.90456703,19.89843164],[-155.90512485,19.89765603],[-155.90609733,19.89727126],[-155.90599774,19.89699423],[-155.90718452,19.89705999],[-155.90678969,19.89558632],[-155.90452717,19.8938545],[-155.90465528,19.89321584],[-155.90552206,19.89292852],[-155.90623797,19.89193452],[-155.90543489,19.88974064],[-155.90584858,19.88815466],[-155.90769247,19.88594813],[-155.90850077,19.88553791],[-155.91061236,19.88570095],[-155.91283521,19.88406057],[-155.91241597,19.88261356],[-155.91272479,19.88157183],[-155.91534867,19.87837225],[-155.91487701,19.87661292],[-155.91511565,19.87586785],[-155.91697201,19.87485292],[-155.91866347,19.87514848],[-155.92264314,19.87194966],[-155.92278949,19.87104049],[-155.92367277,19.86982813],[-155.9240797,19.86579574],[-155.92262515,19.862002],[-155.92273571,19.86028884],[-155.92195675,19.85751776],[-155.92111278,19.85793194],[-155.92230034,19.86041672],[-155.9218408,19.86031401],[-155.92058976,19.85833812],[-155.92042725,19.85662477],[-155.92115431,19.85534653],[-155.92228161,19.85520352],[-155.9228175,19.85598455],[-155.92356236,19.85594776],[-155.92645207,19.8542645],[-155.92882465,19.85224731],[-155.93095317,19.85225238],[-155.9374306,19.84940753],[-155.9388673,19.84960823],[-155.93929219,19.85021129],[-155.94022249,19.85038974],[-155.94093719,19.8499958],[-155.94232143,19.85025876],[-155.94382749,19.85219374],[-155.94539752,19.85259527],[-155.94533431,19.8533434],[-155.94574079,19.85316533],[-155.94653242,19.85398679],[-155.94780594,19.85274485],[-155.94908474,19.85322259],[-155.95017807,19.85267261],[-155.95056204,19.85298609],[-155.95081213,19.8526293],[-155.95154552,19.85281786],[-155.95190505,19.8523501],[-155.95504025,19.85222314],[-155.95617386,19.85287438],[-155.95625508,19.85255531],[-155.95715113,19.85309417],[-155.9584132,19.85307508],[-155.96105253,19.85212263],[-155.9630999,19.85194539],[-155.96411111,19.8513217],[-155.96521028,19.85134041],[-155.96519277,19.85100612],[-155.96616363,19.85081051],[-155.96657661,19.85028946],[-155.96755384,19.85013457],[-155.96831469,19.84925385],[-155.96939,19.84933531],[-155.97027445,19.84872749],[-155.97228049,19.84846368],[-155.97289697,19.84777456],[-155.97412277,19.84740269],[-155.97391986,19.84716003],[-155.97502399,19.84647466],[-155.97547807,19.84560675],[-155.97657006,19.84543569],[-155.97664586,19.84508492],[-155.97707655,19.84526374],[-155.97692534,19.8449362],[-155.9780179,19.84347429],[-155.98012215,19.84280583],[-155.97993014,19.84236476],[-155.98075034,19.84124124],[-155.98115636,19.83950589],[-155.98102278,19.83868668],[-155.98215551,19.83793404],[-155.9819756,19.83767373],[-155.98238806,19.83723838],[-155.98389968,19.83662753],[-155.98398133,19.83621818],[-155.9858818,19.83490526],[-155.98670814,19.83522163],[-155.98687034,19.83458797],[-155.98637624,19.83429526],[-155.98666009,19.83365914],[-155.9860081,19.83200068],[-155.98646676,19.8312005],[-155.98851422,19.83113125],[-155.98893873,19.83056069],[-155.99116455,19.82988509],[-155.99468696,19.82772377],[-155.99538429,19.82671996],[-155.99758336,19.82575044],[-155.9977123,19.82440756],[-155.99734564,19.82399517],[-155.99787581,19.82319165],[-155.99691147,19.82197029],[-155.99823724,19.81918061],[-155.99962731,19.81842763],[-156.00131898,19.81933169],[-156.00118024,19.81833636],[-156.00169142,19.81829078],[-156.00169147,19.81797032],[-156.00124521,19.81506056],[-156.00279137,19.81424697],[-156.0056168,19.81452006],[-156.0071406,19.81254154],[-156.00674109,19.81120783],[-156.00708425,19.81013481],[-156.00839815,19.80956102],[-156.00914877,19.80812018],[-156.01318957,19.8066396],[-156.01398646,19.80520854],[-156.01356778,19.80368494],[-156.01497625,19.80187139],[-156.01589471,19.80139926],[-156.01726039,19.80168837],[-156.01744133,19.8008067],[-156.01838843,19.80014093],[-156.01873165,19.79931613],[-156.02042985,19.79839206],[-156.02088917,19.79690116],[-156.02172131,19.79594004],[-156.02232555,19.79588692],[-156.02267951,19.79647059],[-156.02294789,19.79607785],[-156.02577252,19.79554714],[-156.02621585,19.79285978],[-156.02777879,19.79253822],[-156.02912288,19.79090401],[-156.03063422,19.79034235],[-156.0337955,19.79055285],[-156.03601096,19.78846813],[-156.03828417,19.78796417],[-156.03885961,19.78701677],[-156.03715129,19.78469541],[-156.0366751,19.78304898],[-156.03694228,19.78252529],[-156.03839534,19.78117717],[-156.03970352,19.78166829],[-156.04004578,19.78224271],[-156.0406685,19.78170233],[-156.04217414,19.78144289],[-156.04429631,19.7794919],[-156.04561545,19.77906684],[-156.04573779,19.77792685],[-156.0463364,19.7773996],[-156.04705098,19.77737078],[-156.04660966,19.77550828],[-156.04718561,19.77420425],[-156.05015561,19.77255166],[-156.04920866,19.77069884],[-156.04912103,19.7700203],[-156.0495977,19.76931498],[-156.04876698,19.76788387],[-156.04941821,19.76695575],[-156.04860391,19.76547526],[-156.04899961,19.76437589],[-156.04978471,19.7642038],[-156.04948169,19.76363455],[-156.04977852,19.76279085],[-156.05067933,19.76183525],[-156.05055711,19.76128705],[-156.04962219,19.76066221],[-156.04911034,19.75939436],[-156.0494595,19.75803693],[-156.04915163,19.75688982],[-156.04962193,19.75594516],[-156.04932647,19.75386387],[-156.05078552,19.75022268],[-156.05443444,19.74778678],[-156.05502709,19.74640628],[-156.05482358,19.74489529],[-156.05387108,19.74269937],[-156.05444064,19.739197],[-156.05341213,19.73757308],[-156.05299471,19.73590057],[-156.05670785,19.73195354],[-156.0579924,19.73183028],[-156.0586783,19.73107873],[-156.05887009,19.7313437],[-156.05968317,19.73100051],[-156.06079944,19.729913],[-156.06076454,19.72928047],[-156.06168871,19.72755333],[-156.06010195,19.72667409],[-156.0575858,19.72240312],[-156.05644756,19.72156736],[-156.05652929,19.72087811],[-156.05444319,19.71981005],[-156.05326904,19.71846364],[-156.05135225,19.71758792],[-156.05066101,19.71590191],[-156.05008562,19.7160233],[-156.04961547,19.71547388],[-156.0490464,19.71310381],[-156.04906294,19.71252633],[-156.04960421,19.71212001],[-156.04919128,19.71163473],[-156.04897722,19.70946461],[-156.04854712,19.70913702],[-156.048065,19.70670519],[-156.04849504,19.70534464],[-156.04863469,19.70116724],[-156.04908806,19.70048413],[-156.04729318,19.6988837],[-156.04508586,19.69534469],[-156.04523096,19.69321211],[-156.04416863,19.69279739],[-156.04388893,19.69206608],[-156.04036901,19.69215244],[-156.03915424,19.69069703],[-156.03810273,19.69125289],[-156.0374463,19.69112018],[-156.03534415,19.68861645],[-156.03539033,19.68804849],[-156.03424058,19.68792114],[-156.03359537,19.68737334],[-156.03331078,19.68678185],[-156.03370672,19.68501002],[-156.03467663,19.68325219],[-156.03348687,19.68225756],[-156.0323597,19.68012651],[-156.03072754,19.67935021],[-156.02969926,19.67773986],[-156.02917676,19.67790723],[-156.02746324,19.67695804],[-156.0266335,19.67582489],[-156.02587854,19.67153793],[-156.02674375,19.67158387],[-156.02634872,19.6710402],[-156.02670381,19.67071207],[-156.02741224,19.67131511],[-156.02798217,19.67038119],[-156.02785964,19.66991877],[-156.02715662,19.6696047],[-156.02625605,19.66999148],[-156.02585055,19.66924001],[-156.02376444,19.66957551],[-156.02109271,19.66923782],[-156.02146526,19.66835028],[-156.02452623,19.66831529],[-156.02468893,19.66905373],[-156.02550115,19.6689363],[-156.02539743,19.66829364],[-156.02632643,19.66817364],[-156.02664552,19.66934797],[-156.02710487,19.66898547],[-156.02755249,19.66731831],[-156.02823213,19.66747853],[-156.03005596,19.66676399],[-156.03106752,19.66532734],[-156.03091127,19.66125341],[-156.03163138,19.65966298],[-156.03131791,19.65889498],[-156.03240472,19.65809147],[-156.03267189,19.65722927],[-156.03228275,19.65636522],[-156.03300913,19.65618316],[-156.03132396,19.65545113],[-156.031272,19.65458365],[-156.03166174,19.65444115],[-156.03090042,19.65412613],[-156.03131309,19.65286461],[-156.03073285,19.65235399],[-156.0301059,19.65075478],[-156.02883986,19.64964601],[-156.02886889,19.64916804],[-156.02785756,19.64871797],[-156.02795119,19.64815982],[-156.0258834,19.64706031],[-156.02442035,19.64708117],[-156.02256107,19.64811553],[-156.0213478,19.64828502],[-156.02042946,19.64822017],[-156.01865335,19.64726096],[-156.01663205,19.64752087],[-156.01418145,19.64503387],[-156.0098382,19.6430074],[-156.00923431,19.64217138],[-156.0059071,19.64021133],[-156.00516945,19.63881789],[-156.00457737,19.63908337],[-156.00345172,19.63806261],[-156.00169145,19.63780311],[-156.00129729,19.63702922],[-156.00084349,19.63728796],[-156.00040321,19.63700981],[-155.99976416,19.63749566],[-155.99942747,19.63721923],[-155.99944495,19.63762576],[-155.9979287,19.63795254],[-155.9984574,19.63815093],[-155.99843923,19.63855235],[-155.99782333,19.63823966],[-155.99711898,19.63877858],[-155.99743459,19.63942027],[-155.996701,19.63851885],[-155.99672536,19.63983725],[-155.99483146,19.63971992],[-155.99418599,19.63881996],[-155.99440082,19.63853919],[-155.99379041,19.63677772],[-155.99241375,19.63581139],[-155.99144462,19.63585842],[-155.99027599,19.63491362],[-155.98987484,19.63387781],[-155.99119295,19.63171521],[-155.98816031,19.62841476],[-155.98823446,19.62660602],[-155.98738697,19.62479093],[-155.98698043,19.62487893],[-155.98583595,19.62385777],[-155.98596955,19.62282187],[-155.98709631,19.62082765],[-155.98713579,19.62017835],[-155.98638711,19.61926314],[-155.98661871,19.61801675],[-155.98628128,19.61720771],[-155.98499725,19.61626549],[-155.98386522,19.61464426],[-155.98263931,19.61416337],[-155.98277831,19.61245506],[-155.98240547,19.61169506],[-155.98092457,19.61154391],[-155.97866489,19.60858581],[-155.9778296,19.60823329],[-155.97633615,19.60556784],[-155.97556917,19.60532028],[-155.97454088,19.60376392],[-155.97458125,19.60268586],[-155.97635756,19.60174072],[-155.9763912,19.59968311],[-155.97433015,19.59853371],[-155.97343535,19.59627094],[-155.97169257,19.59446786],[-155.97116365,19.59237823],[-155.97223761,19.59103766],[-155.97164521,19.59056283],[-155.97192267,19.58794509],[-155.97062096,19.58567098],[-155.96876309,19.58423608],[-155.9684784,19.58328796],[-155.96647442,19.58050102],[-155.96754196,19.5787361],[-155.96886533,19.57786914],[-155.96822656,19.57726715],[-155.96857451,19.57584669],[-155.96842377,19.57518518],[-155.96749414,19.57428491],[-155.96779605,19.57252518],[-155.96724416,19.57135141],[-155.9682182,19.56814958],[-155.96659158,19.56428573],[-155.96585405,19.56400253],[-155.96515829,19.56447831],[-155.96454256,19.56411139],[-155.96522689,19.56290873],[-155.96508266,19.5625362],[-155.96441466,19.56267393],[-155.96363717,19.56217339],[-155.96252787,19.56254743],[-155.9620466,19.56205638],[-155.96224379,19.56144134],[-155.96358362,19.5605792],[-155.96603945,19.55961845],[-155.9664862,19.5585788],[-155.96611953,19.55819802],[-155.96601534,19.55682865],[-155.96685524,19.55321835],[-155.96644333,19.55220039],[-155.9656248,19.5516044],[-155.96230492,19.55148092],[-155.96116674,19.54977372],[-155.96040636,19.54963454],[-155.96035315,19.54904237],[-155.95922141,19.54820187],[-155.96077667,19.54676112],[-155.95905897,19.5456219],[-155.95792059,19.54373866],[-155.95785062,19.54289796],[-155.95859366,19.5419897],[-155.95833763,19.54174166],[-155.9593064,19.54085525],[-155.95837225,19.53938166],[-155.95848836,19.53896386],[-155.95715832,19.53727598],[-155.95741965,19.53526733],[-155.95703086,19.53422719],[-155.95625229,19.53353705],[-155.9561364,19.53247894],[-155.95570652,19.53223698],[-155.95617108,19.53189727],[-155.95622262,19.53022361],[-155.95718056,19.5295943],[-155.95644865,19.52870184],[-155.95647831,19.52686082],[-155.95584435,19.52505826],[-155.95629079,19.52345896],[-155.95735875,19.52171666],[-155.95868802,19.52114776],[-155.95880879,19.52067136],[-155.96044583,19.51948927],[-155.96013747,19.51701065],[-155.95952245,19.51623301],[-155.9597369,19.51539258],[-155.95941113,19.51448439],[-155.9597021,19.51400634],[-155.95910988,19.51334643],[-155.9571892,19.51289885],[-155.95683425,19.51227903],[-155.95642834,19.51234893],[-155.95537251,19.51096353],[-155.95553536,19.51059166],[-155.95449628,19.51041166],[-155.95445465,19.50920133],[-155.95325346,19.50846343],[-155.95289366,19.50753208],[-155.95097874,19.50684532],[-155.95133258,19.50472539],[-155.9521393,19.50409357],[-155.95186649,19.50353832],[-155.9511237,19.50374243],[-155.95128517,19.50249039],[-155.95065935,19.50229477],[-155.95040378,19.50170821],[-155.95051372,19.49926824],[-155.94977054,19.49796933],[-155.9501192,19.49758705],[-155.94909253,19.49738466],[-155.94911644,19.49687051],[-155.94793807,19.49606527],[-155.94877926,19.49441853],[-155.94847734,19.49294204],[-155.94993956,19.49091761],[-155.95019387,19.48833117],[-155.95072127,19.4870447],[-155.95030365,19.48596345],[-155.94921279,19.48538086],[-155.94873687,19.4837931],[-155.94737231,19.48346766],[-155.94656633,19.48374745],[-155.94650835,19.48315972],[-155.94604468,19.48352201],[-155.94532534,19.48362273],[-155.94503459,19.48326577],[-155.94421724,19.48377104],[-155.94307355,19.48397743],[-155.94273115,19.48364667],[-155.94245302,19.4839489],[-155.94260389,19.48358134],[-155.94086928,19.48300594],[-155.9411238,19.48269429],[-155.94056122,19.48300074],[-155.94068838,19.48237551],[-155.94008501,19.48213062],[-155.94043926,19.48182969],[-155.93897763,19.48097454],[-155.93865809,19.4802515],[-155.93683593,19.47876738],[-155.93534539,19.47843978],[-155.93500906,19.47879968],[-155.93384195,19.47867162],[-155.9335289,19.47943812],[-155.93390653,19.48010798],[-155.93354648,19.48021021],[-155.93300719,19.48193425],[-155.93331422,19.48224636],[-155.93278104,19.4826977],[-155.93191593,19.48213693],[-155.93109211,19.48254273],[-155.92772132,19.48185825],[-155.92342755,19.47933462],[-155.92142114,19.47860549],[-155.91984232,19.47659279],[-155.91983629,19.47420509],[-155.91940158,19.47322282],[-155.91881533,19.47301879],[-155.91869977,19.47227212],[-155.91919796,19.47165773],[-155.92087553,19.47102272],[-155.92117615,19.47154686],[-155.92235469,19.47119225],[-155.92270278,19.46995695],[-155.92115918,19.46935755],[-155.92220428,19.46838232],[-155.92165279,19.46829172],[-155.92157729,19.46787972],[-155.92274293,19.46599933],[-155.92239562,19.4651765],[-155.92449531,19.46303214],[-155.92546935,19.46033157],[-155.92706469,19.45963195],[-155.92774383,19.46001808],[-155.92725107,19.45952679],[-155.92798703,19.45954829],[-155.92827779,19.45901612],[-155.92649015,19.45786197],[-155.92629945,19.45737579],[-155.92558567,19.45731404],[-155.9256374,19.45766245],[-155.92429148,19.45718376],[-155.92442527,19.45683849],[-155.92269062,19.45495854],[-155.92192559,19.45332522],[-155.92176265,19.45105218],[-155.92141967,19.45063112],[-155.92262136,19.44866109],[-155.9219535,19.44780573],[-155.92231332,19.44752298],[-155.92103111,19.44669781],[-155.92045207,19.44485549],[-155.92045711,19.44408376],[-155.92093879,19.44396105],[-155.92049832,19.44372789],[-155.92064291,19.44299916],[-155.92021366,19.44248636],[-155.92083423,19.44155808],[-155.92077027,19.43914677],[-155.92117101,19.43826892],[-155.92158336,19.43822627],[-155.92125205,19.43781894],[-155.92180958,19.43726873],[-155.92146068,19.43672118],[-155.921774,19.43663172],[-155.92063741,19.43414353],[-155.92070736,19.4321362],[-155.92000576,19.43137053],[-155.92014397,19.43066424],[-155.91966251,19.43033562],[-155.91916473,19.42778154],[-155.91851427,19.42726948],[-155.9180216,19.42741007],[-155.91798688,19.4269175],[-155.91734289,19.42656804],[-155.91742478,19.42600975],[-155.91693687,19.42602403],[-155.91715812,19.42570733],[-155.91437404,19.42550654],[-155.91190842,19.42456641],[-155.91153199,19.42377916],[-155.91174082,19.42267239],[-155.91090566,19.42268525],[-155.91136981,19.42222826],[-155.91125402,19.4214951],[-155.91364908,19.42150877],[-155.91435012,19.41977844],[-155.91282023,19.41917016],[-155.9127274,19.41766103],[-155.91140501,19.41702468],[-155.9112999,19.41660764],[-155.90996632,19.4158718],[-155.9093981,19.41617357],[-155.90892216,19.41536655],[-155.90862645,19.41559622],[-155.90794858,19.41490313],[-155.90735655,19.41533086],[-155.90684612,19.41502877],[-155.9062718,19.41401698],[-155.90631917,19.41314666],[-155.90584867,19.41268276],[-155.90644008,19.41234982],[-155.90579705,19.41151287],[-155.90533882,19.41172171],[-155.90515287,19.41142967],[-155.9048809,19.41015221],[-155.90536836,19.40990775],[-155.9053919,19.40872559],[-155.90657988,19.40772125],[-155.90677204,19.40661419],[-155.90647083,19.40568828],[-155.90733434,19.40442113],[-155.90712631,19.40416483],[-155.90838404,19.40343246],[-155.90872089,19.40209315],[-155.90999168,19.40098186],[-155.91102907,19.3988781],[-155.91086114,19.3981982],[-155.91115681,19.39803172],[-155.91065788,19.39775241],[-155.9105313,19.39683401],[-155.91090221,19.39665075],[-155.90953934,19.39514265],[-155.90916891,19.39366045],[-155.90793886,19.39242542],[-155.90746987,19.39100022],[-155.90578842,19.38923844],[-155.9038109,19.38829756],[-155.90199554,19.38645223],[-155.9014453,19.38448402],[-155.90168891,19.38423994],[-155.9013241,19.38385007],[-155.90141058,19.38159936],[-155.90047165,19.38006684],[-155.89981105,19.37966291],[-155.89782792,19.37952978],[-155.89704567,19.37901996],[-155.89550282,19.37647969],[-155.89548067,19.37545026],[-155.89648392,19.37458273],[-155.89685551,19.37360513],[-155.89610259,19.37198552],[-155.8970472,19.37151417],[-155.8972969,19.37019148],[-155.89510022,19.36909791],[-155.89436988,19.36798419],[-155.89449702,19.36748537],[-155.89409717,19.36731606],[-155.89344209,19.36505271],[-155.89202137,19.36366993],[-155.89222494,19.36208469],[-155.8913661,19.36198429],[-155.89053834,19.3594246],[-155.89121035,19.35846569],[-155.89085157,19.35794955],[-155.89100214,19.357406],[-155.89027715,19.35689264],[-155.89082246,19.35628361],[-155.89050354,19.35542062],[-155.88896697,19.35375603],[-155.88895005,19.35326829],[-155.88969257,19.35254077],[-155.88912985,19.35243638],[-155.88918785,19.35081706],[-155.8873161,19.34852389],[-155.88738573,19.34760886],[-155.88667323,19.34618848],[-155.8861744,19.34597686],[-155.88579245,19.34474264],[-155.88626182,19.34280982],[-155.88590216,19.3423433],[-155.88607076,19.34053624],[-155.88526526,19.33938505],[-155.88479171,19.33464675],[-155.88406153,19.33284688],[-155.88564358,19.33096921],[-155.88512283,19.3295972],[-155.88583577,19.3273526],[-155.88719886,19.32667629],[-155.88812676,19.32550506],[-155.8890018,19.3256193],[-155.88882158,19.32521903],[-155.88955857,19.32490212],[-155.88915804,19.3243356],[-155.89008563,19.32418443],[-155.88977845,19.32364659],[-155.89022465,19.32336984],[-155.88983146,19.32247848],[-155.89052167,19.32142956],[-155.89035367,19.32032084],[-155.89088081,19.31953544],[-155.89066068,19.3185432],[-155.88960029,19.31736059],[-155.88904534,19.31446691],[-155.88747425,19.31326654],[-155.88756744,19.31261366],[-155.88832694,19.31236032],[-155.88706279,19.31020379],[-155.88783488,19.30890802],[-155.88780604,19.30817181],[-155.88837361,19.30807317],[-155.88774248,19.30663157],[-155.88805605,19.30519707],[-155.88773752,19.30482152],[-155.8880385,19.30430308],[-155.8886001,19.30445709],[-155.88868764,19.30322185],[-155.88928469,19.3028213],[-155.88963902,19.3015545],[-155.88948314,19.29980506],[-155.8898069,19.2996526],[-155.88888046,19.29918544],[-155.88807487,19.29597152],[-155.88854551,19.2936415],[-155.88946044,19.29339531],[-155.88957706,19.2906169],[-155.88862785,19.28871401],[-155.89124801,19.28500333],[-155.89109797,19.28369634],[-155.89162002,19.28115503],[-155.89125994,19.28071557],[-155.89203693,19.28028196],[-155.89242024,19.27930001],[-155.89142287,19.27856534],[-155.89126682,19.27719957],[-155.89178849,19.27480268],[-155.89244404,19.27393819],[-155.89228195,19.27257682],[-155.89256629,19.27230633],[-155.89225941,19.27181814],[-155.89324397,19.27152797],[-155.89292538,19.27134651],[-155.89352257,19.26985814],[-155.89354016,19.26854496],[-155.89539549,19.26497911],[-155.89612617,19.26188611],[-155.89643313,19.26186425],[-155.89683366,19.26059368],[-155.89740651,19.2603326],[-155.89732625,19.25973542],[-155.89787074,19.25959123],[-155.89818982,19.25848178],[-155.89850193,19.25856383],[-155.89903029,19.25687567],[-155.899569,19.25665915],[-155.89914091,19.25661575],[-155.89892558,19.25606142],[-155.89982951,19.25556675],[-155.89936621,19.25550019],[-155.89982399,19.25535451],[-155.89942966,19.25509504],[-155.89959838,19.2543351],[-155.89922194,19.25337629],[-155.89989434,19.25287318],[-155.89950082,19.2507992],[-155.89987187,19.25039928],[-155.90008101,19.24868764],[-155.90067739,19.24856237],[-155.90036416,19.24822303],[-155.90079868,19.24811307],[-155.90042192,19.24799383],[-155.900383,19.24645851],[-155.89943298,19.24497991],[-155.89957843,19.24406611],[-155.89738858,19.24091892],[-155.89726641,19.24014951],[-155.90050625,19.23405697],[-155.90103306,19.23041435],[-155.9022439,19.22747845],[-155.90227317,19.22629636],[-155.90263272,19.22618962],[-155.90197785,19.22557366],[-155.90225009,19.22397592],[-155.90180454,19.22068238],[-155.90043218,19.21829389],[-155.90124943,19.21721546],[-155.90054185,19.21675207],[-155.90113878,19.21659069],[-155.90118491,19.21514258],[-155.90018296,19.21504882],[-155.89999779,19.21358324],[-155.89853896,19.21188386],[-155.89861982,19.21099153],[-155.89930331,19.21064656],[-155.89928586,19.20954944],[-155.90048544,19.20917262],[-155.90092005,19.20829079],[-155.90160858,19.20843791],[-155.90269268,19.20667792],[-155.90251888,19.20638157],[-155.90297099,19.20621321],[-155.90272154,19.20596072],[-155.90328299,19.2058529],[-155.90532886,19.20366234],[-155.90511967,19.20328867],[-155.90611541,19.20301216],[-155.90595941,19.20265293],[-155.90645832,19.20239508],[-155.90598334,19.20207107],[-155.90586696,19.20029069],[-155.90622627,19.20006658],[-155.90572265,19.1998775],[-155.90530553,19.19887289],[-155.90575156,19.19832979],[-155.90536878,19.1972039],[-155.90603575,19.19608679],[-155.90684607,19.19587935],[-155.90663245,19.19529799],[-155.9069101,19.19524853],[-155.9064932,19.19461407],[-155.90586791,19.19451772],[-155.90562458,19.1936199],[-155.90610516,19.1935152],[-155.90629616,19.19289103],[-155.90597834,19.19178432],[-155.90710763,19.19128439],[-155.90749553,19.1906094],[-155.90649337,19.18977095],[-155.90719517,19.18952105],[-155.90701478,19.18868748],[-155.90770481,19.18855924],[-155.9078492,19.18769507],[-155.90742048,19.18743956],[-155.90846861,19.18715037],[-155.90838255,19.18673367],[-155.90775592,19.18651995],[-155.90822573,19.18590952],[-155.90798298,19.18555335],[-155.90834728,19.18550535],[-155.90687046,19.18490261],[-155.90735743,19.18451817],[-155.9069404,19.18280947],[-155.90707426,19.18244613],[-155.90820893,19.18279934],[-155.90813309,19.18202623],[-155.90860795,19.18133465],[-155.90804697,19.18104079],[-155.90882349,19.18053938],[-155.90792521,19.17999157],[-155.90822622,19.17977098],[-155.9081054,19.17816208],[-155.90853915,19.1777],[-155.90843514,19.17678197],[-155.90797142,19.1763679],[-155.90816281,19.17470109],[-155.90785606,19.1744657],[-155.90941393,19.17383757],[-155.90917653,19.17242981],[-155.90772344,19.17272571],[-155.906739,19.17170702],[-155.90702285,19.16852071],[-155.90789153,19.16835938],[-155.90832041,19.16885861],[-155.90869702,19.16808413],[-155.90955381,19.16779619],[-155.91004031,19.16813391],[-155.90993006,19.1674866],[-155.91166744,19.16639657],[-155.91258871,19.16462021],[-155.91233927,19.16417818],[-155.91265288,19.16404354],[-155.9131563,19.16142962],[-155.91377584,19.16093454],[-155.9141819,19.15965952],[-155.91528209,19.15911387],[-155.91527044,19.15852689],[-155.91577425,19.15857149],[-155.91513709,19.15739623],[-155.91597133,19.15627286],[-155.91606939,19.15527699],[-155.91547882,19.15517225],[-155.91642821,19.15456085],[-155.91618547,19.1542047],[-155.91584326,19.15447427],[-155.91601216,19.15413858],[-155.91532882,19.15353128],[-155.91497547,19.15363365],[-155.91521778,19.15324504],[-155.91452413,19.15274588],[-155.9147723,19.15236189],[-155.91404856,19.1527153],[-155.9121144,19.15156331],[-155.91197051,19.15189489],[-155.91080055,19.15178939],[-155.91004146,19.15123495],[-155.91000764,19.14896854],[-155.91047095,19.14793371],[-155.91091087,19.14783731],[-155.91098045,19.14684099],[-155.91152455,19.14624985],[-155.91114798,19.14600428],[-155.91157098,19.14566838],[-155.91100358,19.14457556],[-155.91053446,19.14483847],[-155.91031472,19.14446013],[-155.91133433,19.14338956],[-155.9109002,19.14221775],[-155.91199399,19.14169005],[-155.91245122,19.14091691],[-155.91389889,19.14051254],[-155.91376612,19.14005444],[-155.91486596,19.13932825],[-155.91406795,19.13703545],[-155.91539385,19.13666513],[-155.91607151,19.13571968],[-155.91609352,19.13485346],[-155.91673106,19.1353652],[-155.91805729,19.13491362],[-155.91826496,19.13382936],[-155.917403,19.13255106],[-155.91754752,19.13179973],[-155.91504053,19.12979408],[-155.91523798,19.12913392],[-155.91648831,19.1291866],[-155.91710229,19.12872755],[-155.91718916,19.12826863],[-155.91647141,19.12798571],[-155.9170788,19.12730538],[-155.91685322,19.12698564],[-155.91805811,19.12442873],[-155.91790869,19.12019263],[-155.91869021,19.11901882],[-155.91790902,19.1157561],[-155.91823225,19.1145204],[-155.91724342,19.1136868],[-155.91671012,19.11248629],[-155.91692395,19.11100503],[-155.9159698,19.10983802],[-155.91614312,19.10906917],[-155.91541883,19.10805498],[-155.91528621,19.10509201],[-155.9138624,19.10300984],[-155.91321929,19.09998856],[-155.91228801,19.09951242],[-155.91092767,19.09663693],[-155.91045363,19.09512604],[-155.9107719,19.09441387],[-155.90983984,19.09283201],[-155.909695,19.090916],[-155.90995577,19.09080761],[-155.90934753,19.08981343],[-155.90923781,19.08805145],[-155.90853136,19.08748885],[-155.90844472,19.08576338],[-155.90732276,19.08443999],[-155.9078604,19.0831629],[-155.90724136,19.08262434],[-155.90745587,19.08232109],[-155.90673209,19.08096838],[-155.90683702,19.07985542],[-155.90576243,19.07814819],[-155.76179527,19.18297076],[-155.77243864,19.18187276],[-155.77240739,19.18666033],[-155.77782888,19.20678572],[-155.77548576,19.21265273],[-155.77689755,19.2169604],[-155.7790004,19.23025129],[-155.81183723,19.26322629],[-155.8095625,19.27756688],[-155.80791117,19.28514314],[-155.79197183,19.3137579],[-155.78124756,19.39041107],[-155.77898,19.39740591],[-155.75440174,19.39856432],[-155.75319566,19.40644842],[-155.59862317,19.46261011],[-155.69953724,19.62499033],[-155.72631043,19.66860914],[-155.73068814,19.67720679],[-155.72949006,19.68141319],[-155.7303309,19.68376603],[-155.73240832,19.68624152],[-155.73185833,19.70642062],[-155.73022813,19.70826139],[-155.72781171,19.71241683],[-155.727205,19.71592947],[-155.72191353,19.7248677],[-155.72060177,19.72600835],[-155.71754686,19.72647004],[-155.7168345,19.72693763],[-155.71315244,19.73228664],[-155.71256127,19.73541394],[-155.70064855,19.74809041],[-155.69893815,19.77393583],[-155.66914328,19.7847589],[-155.68870809,19.79817917],[-155.7017699,19.80105337],[-155.73010205,19.82352342],[-155.74891751,19.84111988],[-155.75837846,19.85442928],[-155.77182911,19.86469714],[-155.77619242,19.87479476],[-155.78700431,19.88783205],[-155.88481169,19.91037862],[-155.88967746,19.91293018]]]}},{"type":"Feature","properties":{"area_id":"area_036","area_name":"Lāʻie / BYU–Hawaiʻi campus case","island":"Oʻahu","source_name":"Hawaiʻi Statewide GIS / OHA / DLNR SHPD Ahupuaʻa","source_url":"https://geodata.hawaii.gov/arcgis/rest/services/HistoricCultural/MapServer/1","geometry_status":"broader_boundary","geometry_note":"Official Lāʻiewai and Lāʻiemaloʻo ahupuaʻa dissolved as a broader Lāʻie unit; the campus footprint is smaller.","parent_island_id":"island_oahu"},"geometry":{"type":"Polygon","coordinates":[[[-157.91755983,21.64748763],[-157.91896177,21.64381137],[-157.91811563,21.64049483],[-157.9187757,21.63668246],[-157.91859351,21.63454927],[-157.91890688,21.63382414],[-157.91987874,21.63338794],[-157.92096801,21.63145288],[-157.9212814,21.63023537],[-157.92029253,21.62906346],[-157.92102232,21.62885598],[-157.92135221,21.62801801],[-157.92107045,21.62627712],[-157.91638963,21.62301664],[-157.92033947,21.61949699],[-157.92168832,21.61934324],[-157.92479929,21.61557847],[-157.92596556,21.61512534],[-157.92803273,21.61188665],[-157.92950501,21.61103347],[-157.92947647,21.61048224],[-157.9308905,21.6081878],[-157.93189775,21.60767486],[-157.9326504,21.60795523],[-157.93397018,21.60566014],[-157.93839982,21.60163243],[-157.94047868,21.60053456],[-157.94045562,21.59922452],[-157.93989052,21.59872857],[-157.93974373,21.59600848],[-157.94035651,21.59542972],[-157.94114573,21.59300469],[-157.94086344,21.59015276],[-157.94178261,21.58911071],[-157.94137584,21.58743689],[-157.941535,21.58647129],[-157.94282556,21.58482634],[-157.94251275,21.58384419],[-157.94288471,21.58200368],[-157.94450403,21.58279537],[-157.94635249,21.58245929],[-157.94721128,21.58324162],[-157.94849502,21.58302839],[-157.95006088,21.58504375],[-157.95195124,21.58593192],[-157.95377644,21.58597951],[-157.9538649,21.58694216],[-157.95458855,21.58738484],[-157.95410608,21.58849296],[-157.95408178,21.59002403],[-157.95533616,21.59121532],[-157.95524221,21.59185613],[-157.95637293,21.59362479],[-157.95702649,21.59576537],[-157.9596458,21.59689741],[-157.96111194,21.5980403],[-157.96289007,21.60250506],[-157.96227735,21.60511203],[-157.96270773,21.60622587],[-157.96207125,21.60776218],[-157.9623427,21.60881179],[-157.96310191,21.60936758],[-157.96204853,21.61060318],[-157.96261318,21.61236378],[-157.96347855,21.61344419],[-157.96313133,21.6142099],[-157.96370276,21.61671583],[-157.96356726,21.61911799],[-157.96303147,21.62058265],[-157.96327256,21.62199795],[-157.96301496,21.62323402],[-157.96201973,21.62392346],[-157.96176221,21.62514597],[-157.96065956,21.62683752],[-157.96052344,21.62898227],[-157.95991986,21.62928115],[-157.95999945,21.63250231],[-157.96039645,21.63288874],[-157.95978852,21.63294819],[-157.95833354,21.63424453],[-157.95863384,21.63565121],[-157.9582805,21.63692281],[-157.95883979,21.6375858],[-157.95855747,21.63888946],[-157.95000354,21.65345249],[-157.94774103,21.65562879],[-157.93739629,21.65710218],[-157.93347215,21.65851287],[-157.93078566,21.66145806],[-157.93057907,21.66211609],[-157.92709223,21.66088735],[-157.92759983,21.65791444],[-157.92873752,21.65581729],[-157.92857246,21.65445228],[-157.92732372,21.65229436],[-157.92372535,21.65034238],[-157.92221812,21.64820085],[-157.91806565,21.64898135],[-157.91451928,21.64898455],[-157.91375399,21.64843293],[-157.9122101,21.64846314],[-157.91755983,21.64748763]]]}},{"type":"Feature","properties":{"area_id":"area_037","area_name":"three dryland plant communities","island":"Hawaiʻi Island","source_name":"","source_url":"","geometry_status":"unresolved","geometry_note":"The communities are not named as official spatial units.","parent_island_id":"island_hawaii"},"geometry":null},{"type":"Feature","properties":{"area_id":"area_038","area_name":"Kaʻāmola ahupuaʻa","island":"Molokaʻi","source_name":"Hawaiʻi Statewide GIS / OHA / DLNR SHPD Ahupuaʻa","source_url":"https://geodata.hawaii.gov/arcgis/rest/services/HistoricCultural/MapServer/1","geometry_status":"exact","geometry_note":"Exact official Kaʻamola ahupuaʻa boundary.","parent_island_id":"island_molokai"},"geometry":{"type":"Polygon","coordinates":[[[-156.85864228,21.08576678],[-156.86084824,21.08303345],[-156.86099033,21.07944775],[-156.86003207,21.07652323],[-156.86089419,21.06917849],[-156.85917406,21.0565859],[-156.85952808,21.05651134],[-156.85917394,21.05541641],[-156.85839249,21.05493921],[-156.85812948,21.05562901],[-156.85631504,21.05607571],[-156.85571053,21.05663702],[-156.8548976,21.05625875],[-156.8545249,21.05667172],[-156.85299197,21.05664782],[-156.85184355,21.05735802],[-156.84916785,21.05639398],[-156.84819075,21.0549728],[-156.84811188,21.05284505],[-156.84899761,21.05183579],[-156.85025011,21.05153783],[-156.85094039,21.0507812],[-156.85189958,21.05068497],[-156.84913919,21.04871744],[-156.84906529,21.0510171],[-156.84742179,21.05308465],[-156.84696936,21.05348078],[-156.84488058,21.05381326],[-156.84439166,21.05553193],[-156.84597347,21.05604418],[-156.84692531,21.05947215],[-156.84490323,21.061431],[-156.8468328,21.0633542],[-156.84683857,21.06479243],[-156.8487199,21.06606027],[-156.84956881,21.0676198],[-156.85359379,21.07162398],[-156.8574419,21.07438862],[-156.85864228,21.08576678]]]}},{"type":"Feature","properties":{"area_id":"area_039","area_name":"13 exclosures across a rainfall gradient","island":"Hawaiʻi Island","source_name":"","source_url":"","geometry_status":"unresolved","geometry_note":"Individual exclosure locations and boundaries are not provided.","parent_island_id":"island_hawaii"},"geometry":null}]}