{"type":"FeatureCollection","features":[{"type":"Feature","id":1,"geometry":{"type":"Polygon","coordinates":[[[-159.3871,22.222],[-159.3911,22.2231],[-159.3903,22.2243],[-159.3908,22.2251],[-159.3916,22.2236],[-159.395,22.2242],[-159.3967,22.2264],[-159.3971,22.2294],[-159.3995,22.2299],[-159.4013,22.229],[-159.401,22.2315],[-159.4023,22.2325],[-159.4031,22.2321],[-159.4023,22.2306],[-159.4042,22.2299],[-159.4048,22.227],[-159.4077,22.2251],[-159.4194,22.2223],[-159.4247,22.2237],[-159.426,22.2201],[-159.4257,22.2178],[-159.4276,22.2165],[-159.4303,22.2176],[-159.4316,22.2173],[-159.4361,22.223],[-159.4384,22.2234],[-159.4392,22.2223],[-159.441,22.2225],[-159.4549,22.2259],[-159.4643,22.2228],[-159.4683,22.2257],[-159.4721,22.226],[-159.4767,22.2297],[-159.4773,22.229],[-159.4794,22.2294],[-159.4809,22.2285],[-159.4858,22.2296],[-159.4885,22.2282],[-159.4889,22.2267],[-159.4899,22.2266],[-159.4901,22.2258],[-159.492,22.2257],[-159.4931,22.2236],[-159.4978,22.222],[-159.4987,22.2166],[-159.4971,22.2125],[-159.4978,22.2081],[-159.501,22.2045],[-159.5062,22.2025],[-159.5092,22.2032],[-159.5104,22.2027],[-159.5138,22.2041],[-159.5165,22.2071],[-159.5178,22.2113],[-159.5172,22.2138],[-159.5182,22.2137],[-159.5194,22.2151],[-159.5215,22.214],[-159.5292,22.2154],[-159.5322,22.2165],[-159.5318,22.2177],[-159.5381,22.2134],[-159.5407,22.2142],[-159.5419,22.2151],[-159.5415,22.2164],[-159.5437,22.219],[-159.5445,22.2217],[-159.5482,22.2241],[-159.5515,22.2249],[-159.5523,22.2242],[-159.5546,22.2244],[-159.5568,22.2259],[-159.5587,22.2261],[-159.5657,22.2205],[-159.5725,22.2234],[-159.5798,22.2237],[-159.5818,22.2229],[-159.5838,22.2204],[-159.5856,22.2202],[-159.5857,22.2192],[-159.5897,22.2153],[-159.5963,22.2113],[-159.5982,22.2084],[-159.6051,22.206],[-159.6061,22.2039],[-159.615,22.2003],[-159.6151,22.1994],[-159.6158,22.2],[-159.62,22.1972],[-159.6232,22.1969],[-159.6238,22.1953],[-159.6261,22.1957],[-159.6276,22.194],[-159.6312,22.1923],[-159.6398,22.1833],[-159.6445,22.1804],[-159.6523,22.1782],[-159.6572,22.1734],[-159.6667,22.1694],[-159.6664,22.1683],[-159.667,22.1677],[-159.6699,22.1668],[-159.6716,22.1684],[-159.6717,22.1666],[-159.6729,22.1656],[-159.674,22.167],[-159.6754,22.1672],[-159.6774,22.1662],[-159.6787,22.1666],[-159.686,22.1633],[-159.6878,22.1631],[-159.6888,22.1638],[-159.6944,22.1624],[-159.6965,22.1626],[-159.6971,22.1615],[-159.7035,22.1576],[-159.705,22.1578],[-159.7056,22.1593],[-159.7069,22.159],[-159.7076,22.1583],[-159.7075,22.1568],[-159.7087,22.1561],[-159.7131,22.1547],[-159.7182,22.1514],[-159.7225,22.1501],[-159.7269,22.1432],[-159.7306,22.1398],[-159.7327,22.1329],[-159.733,22.1272],[-159.7374,22.1197],[-159.7385,22.1127],[-159.7408,22.1096],[-159.7413,22.1056],[-159.7438,22.1032],[-159.7454,22.0972],[-159.7587,22.0852],[-159.7652,22.0805],[-159.772,22.0733],[-159.7763,22.07],[-159.7795,22.069],[-159.7837,22.0651],[-159.7842,22.063],[-159.783,22.0581],[-159.7848,22.0507],[-159.7839,22.0478],[-159.7858,22.0422],[-159.7881,22.0284],[-159.7874,22.0219],[-159.7852,22.015],[-159.7796,22.0094],[-159.7752,22.007],[-159.7737,22.0053],[-159.7706,22.0],[-159.7638,21.9845],[-159.7605,21.9806],[-159.7575,21.9785],[-159.7339,21.9716],[-159.7157,21.9673],[-159.7108,21.9629],[-159.7051,21.9603],[-159.6923,21.9594],[-159.6911,21.9589],[-159.6912,21.958],[-159.6905,21.9585],[-159.6817,21.9576],[-159.6715,21.9548],[-159.6707,21.9537],[-159.6705,21.9544],[-159.6672,21.9528],[-159.6659,21.9518],[-159.6655,21.9491],[-159.6619,21.9461],[-159.6609,21.9428],[-159.6528,21.9414],[-159.6493,21.9387],[-159.6501,21.9347],[-159.6488,21.9316],[-159.646,21.9309],[-159.6449,21.9278],[-159.6427,21.925],[-159.6405,21.9243],[-159.6401,21.923],[-159.6382,21.922],[-159.6379,21.919],[-159.6344,21.9136],[-159.6317,21.9132],[-159.6313,21.9116],[-159.6285,21.9109],[-159.6282,21.9087],[-159.6261,21.9092],[-159.6259,21.9074],[-159.624,21.9077],[-159.6233,21.9066],[-159.6211,21.9067],[-159.6208,21.9055],[-159.6195,21.9051],[-159.6169,21.9021],[-159.6082,21.8999],[-159.6074,21.8987],[-159.6081,21.8984],[-159.6077,21.8954],[-159.6083,21.8947],[-159.6053,21.8932],[-159.6048,21.8922],[-159.6,21.8929],[-159.5975,21.895],[-159.5971,21.8961],[-159.5992,21.899],[-159.5976,21.8998],[-159.5973,21.9026],[-159.5914,21.904],[-159.5898,21.9025],[-159.5906,21.9017],[-159.5903,21.9008],[-159.5893,21.9009],[-159.5902,21.9009],[-159.5905,21.9017],[-159.5893,21.9021],[-159.5881,21.9004],[-159.5898,21.8993],[-159.5874,21.8995],[-159.5911,21.8967],[-159.5881,21.8986],[-159.5863,21.8988],[-159.5839,21.8979],[-159.5838,21.8964],[-159.5799,21.8963],[-159.5786,21.8953],[-159.5752,21.8975],[-159.5742,21.8963],[-159.5759,21.8949],[-159.5751,21.8928],[-159.5699,21.8943],[-159.5669,21.8924],[-159.5619,21.8907],[-159.5614,21.8897],[-159.5604,21.8901],[-159.559,21.8893],[-159.5542,21.889],[-159.5517,21.8872],[-159.548,21.8883],[-159.5435,21.8883],[-159.5421,21.887],[-159.5395,21.8876],[-159.5376,21.8874],[-159.5368,21.8864],[-159.5316,21.8868],[-159.531,21.8857],[-159.5292,21.8856],[-159.5282,21.8832],[-159.5273,21.8836],[-159.5266,21.8827],[-159.5255,21.8848],[-159.5192,21.8871],[-159.5164,21.8868],[-159.5162,21.8875],[-159.5128,21.8881],[-159.5092,21.8864],[-159.5049,21.8867],[-159.5037,21.8882],[-159.5026,21.8881],[-159.5017,21.8877],[-159.5015,21.8847],[-159.5,21.8841],[-159.4973,21.8853],[-159.4928,21.8844],[-159.4913,21.8859],[-159.4889,21.8853],[-159.4879,21.8858],[-159.4873,21.8847],[-159.4888,21.8841],[-159.4879,21.884],[-159.4884,21.8835],[-159.4847,21.8835],[-159.483,21.8826],[-159.4825,21.881],[-159.482,21.8819],[-159.4788,21.8823],[-159.476,21.8816],[-159.4752,21.8805],[-159.4735,21.881],[-159.4712,21.8793],[-159.471,21.8782],[-159.4691,21.8784],[-159.4691,21.8799],[-159.4675,21.8773],[-159.4619,21.8754],[-159.4595,21.8755],[-159.4556,21.8735],[-159.4551,21.8721],[-159.4544,21.8731],[-159.4535,21.8724],[-159.4514,21.873],[-159.4487,21.8703],[-159.4471,21.8704],[-159.4458,21.8688],[-159.4435,21.8685],[-159.4412,21.8705],[-159.4405,21.8732],[-159.4373,21.8745],[-159.4354,21.8738],[-159.4339,21.8742],[-159.4313,21.8766],[-159.4291,21.8804],[-159.4271,21.8813],[-159.419,21.8822],[-159.4179,21.8874],[-159.4103,21.8899],[-159.4108,21.8922],[-159.4101,21.8929],[-159.4072,21.8924],[-159.4044,21.8935],[-159.4056,21.8949],[-159.4035,21.8972],[-159.4035,21.8991],[-159.4003,21.901],[-159.3994,21.9008],[-159.3975,21.903],[-159.3937,21.9026],[-159.3913,21.9015],[-159.3877,21.9029],[-159.3874,21.9042],[-159.3903,21.907],[-159.3901,21.9091],[-159.3885,21.9125],[-159.3866,21.9132],[-159.3864,21.9124],[-159.3853,21.9125],[-159.3841,21.9138],[-159.385,21.9151],[-159.3828,21.9163],[-159.3821,21.9175],[-159.3835,21.9185],[-159.383,21.9196],[-159.3756,21.9231],[-159.3723,21.9232],[-159.371,21.9251],[-159.3683,21.9252],[-159.3663,21.9293],[-159.3624,21.9314],[-159.355,21.9317],[-159.3544,21.9329],[-159.3552,21.9342],[-159.3535,21.9364],[-159.3479,21.9363],[-159.3463,21.9374],[-159.3475,21.9393],[-159.35,21.9405],[-159.3505,21.9416],[-159.3498,21.9434],[-159.3477,21.9443],[-159.3489,21.9453],[-159.3479,21.9464],[-159.348,21.9476],[-159.3506,21.9489],[-159.3486,21.9535],[-159.3517,21.9482],[-159.3604,21.9477],[-159.3643,21.9456],[-159.3726,21.9469],[-159.3756,21.9452],[-159.3789,21.9453],[-159.3752,21.946],[-159.3751,21.9468],[-159.373,21.9479],[-159.3633,21.9467],[-159.3619,21.9484],[-159.3623,21.9503],[-159.3611,21.9513],[-159.361,21.9492],[-159.3577,21.9487],[-159.357,21.9493],[-159.3608,21.9492],[-159.3608,21.9503],[-159.3579,21.9495],[-159.3593,21.9531],[-159.3586,21.9539],[-159.3536,21.9552],[-159.3525,21.953],[-159.3517,21.9601],[-159.3484,21.9601],[-159.3479,21.9563],[-159.3449,21.9567],[-159.3419,21.9585],[-159.3398,21.9585],[-159.3376,21.9575],[-159.3358,21.9545],[-159.3349,21.9561],[-159.3314,21.9585],[-159.3298,21.9615],[-159.3304,21.963],[-159.33,21.9657],[-159.331,21.9688],[-159.3306,21.9706],[-159.3334,21.9786],[-159.3331,21.9821],[-159.3338,21.9844],[-159.3329,21.9878],[-159.3333,21.9891],[-159.3309,21.9896],[-159.3301,21.9915],[-159.3324,21.9939],[-159.3319,21.993],[-159.3333,21.9913],[-159.3363,21.9908],[-159.3383,21.9915],[-159.3397,21.9908],[-159.3414,21.9933],[-159.3403,21.9951],[-159.3363,21.9949],[-159.3326,21.9987],[-159.3335,22.0024],[-159.3354,22.0041],[-159.3373,22.0153],[-159.3385,22.0176],[-159.3381,22.0285],[-159.3359,22.0336],[-159.3343,22.0412],[-159.3357,22.0448],[-159.3338,22.0501],[-159.3313,22.0516],[-159.3298,22.0509],[-159.3221,22.0553],[-159.3196,22.0588],[-159.3162,22.0701],[-159.317,22.0717],[-159.3166,22.0754],[-159.3136,22.0788],[-159.3115,22.0829],[-159.309,22.0853],[-159.3075,22.0857],[-159.3084,22.0862],[-159.3079,22.0874],[-159.3046,22.0902],[-159.3062,22.0912],[-159.3064,22.0933],[-159.3049,22.0978],[-159.3025,22.0998],[-159.3019,22.0986],[-159.3015,22.1006],[-159.2978,22.1033],[-159.2964,22.1059],[-159.2969,22.107],[-159.2946,22.1104],[-159.2963,22.1127],[-159.2967,22.1151],[-159.2953,22.1176],[-159.2956,22.1189],[-159.2942,22.1199],[-159.2957,22.1206],[-159.2959,22.1216],[-159.2948,22.1225],[-159.2933,22.1222],[-159.293,22.123],[-159.2941,22.124],[-159.293,22.1247],[-159.2924,22.1274],[-159.293,22.1294],[-159.2945,22.1298],[-159.2949,22.1331],[-159.2933,22.1343],[-159.2943,22.1368],[-159.293,22.1383],[-159.2937,22.1425],[-159.2932,22.1433],[-159.2941,22.1439],[-159.296,22.1481],[-159.2971,22.1478],[-159.2979,22.1462],[-159.3004,22.1461],[-159.3041,22.1473],[-159.3063,22.1501],[-159.306,22.1551],[-159.305,22.1575],[-159.3095,22.1628],[-159.3089,22.1662],[-159.3114,22.1711],[-159.314,22.172],[-159.313,22.1756],[-159.3112,22.1775],[-159.3132,22.1837],[-159.318,22.1879],[-159.3216,22.1889],[-159.3269,22.1939],[-159.3292,22.194],[-159.3314,22.1929],[-159.3327,22.1936],[-159.3339,22.1951],[-159.331,22.1983],[-159.3319,22.2005],[-159.3348,22.2019],[-159.3352,22.2037],[-159.3427,22.2088],[-159.3432,22.21],[-159.3479,22.2117],[-159.3481,22.2135],[-159.3501,22.2133],[-159.3503,22.2147],[-159.3515,22.2139],[-159.3543,22.2143],[-159.3557,22.2123],[-159.3575,22.2113],[-159.3644,22.2114],[-159.3714,22.2153],[-159.3762,22.2168],[-159.3807,22.2157],[-159.3835,22.2165],[-159.3855,22.2195],[-159.3834,22.2209],[-159.382,22.2236],[-159.3824,22.2247],[-159.3846,22.2228],[-159.3871,22.222]]]},"properties":{"st_area(shape)":1436728537.270371,"st_perimeter(shape)":201403.67783228608,"objectid":1,"water":0,"sqmi":554.72199999999998,"isle":"Kauai","totsqmi":554.72199999999998}},{"type":"Feature","id":2,"geometry":{"type":"Polygon","coordinates":[[[-160.097,22.0147],[-160.0949,22.0149],[-160.0915,22.017],[-160.0887,22.0199],[-160.0876,22.0228],[-160.0884,22.0248],[-160.0911,22.0263],[-160.0909,22.0247],[-160.0924,22.0216],[-160.095,22.0208],[-160.0975,22.0215],[-160.1004,22.0244],[-160.0999,22.0285],[-160.1018,22.0255],[-160.1011,22.0207],[-160.1025,22.0161],[-160.0996,22.0148],[-160.097,22.0147]]]},"properties":{"st_area(shape)":1099133.4538481412,"st_perimeter(shape)":6195.8709154664994,"objectid":2,"water":0,"sqmi":0.42437600000000003,"isle":"Niihau","totsqmi":72.368700000000004}},{"type":"Feature","id":3,"geometry":{"type":"Polygon","coordinates":[[[-160.0615,21.9965],[-160.0615,21.9983],[-160.0649,21.999],[-160.0685,22.002],[-160.0699,22.002],[-160.0718,21.9997],[-160.0748,21.9985],[-160.0762,21.9991],[-160.0821,21.9983],[-160.0845,21.9987],[-160.0868,22.0004],[-160.087,22.0029],[-160.0915,22.0049],[-160.0925,22.0047],[-160.0924,22.0026],[-160.0935,22.0009],[-160.0996,21.9957],[-160.1006,21.9954],[-160.1033,21.997],[-160.1048,21.997],[-160.105,21.9959],[-160.1076,21.9939],[-160.1095,21.9937],[-160.1109,21.992],[-160.1111,21.9896],[-160.1101,21.9875],[-160.1136,21.9833],[-160.1139,21.9753],[-160.1184,21.9682],[-160.12,21.9608],[-160.1241,21.9549],[-160.1313,21.9492],[-160.1364,21.9464],[-160.1478,21.9415],[-160.1555,21.9393],[-160.1603,21.939],[-160.1643,21.937],[-160.1644,21.9353],[-160.1633,21.9345],[-160.164,21.9327],[-160.1678,21.9299],[-160.1802,21.9257],[-160.1872,21.9251],[-160.1876,21.9214],[-160.1915,21.9173],[-160.1964,21.9148],[-160.2046,21.9041],[-160.2081,21.9021],[-160.209,21.9003],[-160.2107,21.8994],[-160.2109,21.898],[-160.2224,21.8904],[-160.2254,21.8896],[-160.2271,21.8862],[-160.2289,21.8846],[-160.2294,21.8787],[-160.2327,21.8751],[-160.2337,21.8682],[-160.2326,21.8645],[-160.2328,21.8618],[-160.2379,21.8533],[-160.2428,21.8482],[-160.2453,21.8474],[-160.2466,21.8442],[-160.2462,21.8417],[-160.2471,21.841],[-160.2464,21.8399],[-160.2445,21.8397],[-160.2438,21.8375],[-160.2438,21.836],[-160.245,21.8357],[-160.2453,21.8347],[-160.2454,21.8337],[-160.244,21.8328],[-160.2436,21.8312],[-160.2456,21.8261],[-160.2464,21.8142],[-160.2449,21.8128],[-160.2429,21.8129],[-160.2413,21.8095],[-160.2419,21.8068],[-160.2433,21.8058],[-160.2424,21.8043],[-160.2395,21.8043],[-160.2354,21.8021],[-160.2326,21.7964],[-160.2333,21.7914],[-160.2295,21.7897],[-160.2288,21.7908],[-160.2231,21.7906],[-160.2211,21.7871],[-160.2178,21.7864],[-160.2143,21.7816],[-160.2115,21.7813],[-160.2101,21.7819],[-160.2089,21.7811],[-160.2069,21.7835],[-160.2041,21.7789],[-160.2033,21.7784],[-160.2021,21.779],[-160.2011,21.7818],[-160.1982,21.7849],[-160.2024,21.7868],[-160.2027,21.7876],[-160.2012,21.789],[-160.2012,21.792],[-160.2001,21.7931],[-160.1994,21.7961],[-160.1925,21.8034],[-160.194,21.8075],[-160.1917,21.8101],[-160.1899,21.8159],[-160.1871,21.819],[-160.1871,21.8208],[-160.1787,21.8339],[-160.1753,21.8377],[-160.1732,21.8379],[-160.1741,21.8388],[-160.1729,21.8406],[-160.1726,21.8433],[-160.1701,21.8473],[-160.1666,21.8503],[-160.167,21.8516],[-160.1661,21.8539],[-160.1633,21.8573],[-160.1614,21.8611],[-160.1592,21.8633],[-160.1542,21.8674],[-160.1511,21.8679],[-160.1504,21.8689],[-160.1461,21.8707],[-160.1449,21.8723],[-160.1409,21.8731],[-160.1396,21.8718],[-160.1358,21.8724],[-160.1328,21.8737],[-160.1286,21.8739],[-160.1272,21.8775],[-160.1254,21.8773],[-160.1245,21.8756],[-160.1221,21.877],[-160.1198,21.876],[-160.116,21.8775],[-160.1148,21.8789],[-160.1131,21.8784],[-160.1109,21.8807],[-160.1073,21.878],[-160.1036,21.8818],[-160.1028,21.8817],[-160.0999,21.8838],[-160.0992,21.8851],[-160.0976,21.8848],[-160.0971,21.8832],[-160.0961,21.8831],[-160.09,21.8878],[-160.0892,21.8897],[-160.0875,21.8888],[-160.0852,21.889],[-160.0802,21.894],[-160.0738,21.8953],[-160.0732,21.8971],[-160.0735,21.9023],[-160.0802,21.9159],[-160.0827,21.9248],[-160.0828,21.9281],[-160.0794,21.9415],[-160.0774,21.9458],[-160.0761,21.9529],[-160.0729,21.9574],[-160.0704,21.959],[-160.0688,21.9665],[-160.0675,21.9688],[-160.0645,21.9712],[-160.0631,21.9752],[-160.0602,21.9771],[-160.0584,21.9767],[-160.0579,21.9757],[-160.0532,21.9763],[-160.0523,21.9781],[-160.0504,21.9788],[-160.0494,21.9818],[-160.0558,21.9949],[-160.0577,21.9955],[-160.0581,21.9964],[-160.0601,21.9959],[-160.0615,21.9965]]]},"properties":{"st_area(shape)":186335513.67927527,"st_perimeter(shape)":83549.716560850284,"objectid":3,"water":0,"sqmi":71.944299999999998,"isle":"Niihau","totsqmi":72.368700000000004}},{"type":"Feature","id":4,"geometry":{"type":"Polygon","coordinates":[[[-158.0035,21.6994],[-158.0039,21.7001],[-158.0087,21.7001],[-158.0092,21.7009],[-158.0094,21.6996],[-158.0083,21.6992],[-158.0081,21.6982],[-158.0097,21.6964],[-158.0124,21.6959],[-158.0136,21.6983],[-158.0169,21.6951],[-158.0213,21.6925],[-158.0218,21.6911],[-158.0298,21.6867],[-158.0332,21.6816],[-158.038,21.6807],[-158.0405,21.6742],[-158.0462,21.6707],[-158.0475,21.6687],[-158.0587,21.6589],[-158.0612,21.6554],[-158.0631,21.655],[-158.0623,21.6535],[-158.0626,21.6523],[-158.0617,21.6515],[-158.0633,21.6493],[-158.0636,21.6508],[-158.0639,21.6503],[-158.0631,21.6471],[-158.0638,21.6455],[-158.0647,21.6456],[-158.0649,21.6433],[-158.0628,21.6422],[-158.063,21.6415],[-158.0658,21.6387],[-158.0687,21.638],[-158.0697,21.6342],[-158.0709,21.6331],[-158.0722,21.6334],[-158.0713,21.6321],[-158.074,21.6281],[-158.0773,21.6251],[-158.0811,21.6238],[-158.0824,21.6216],[-158.0847,21.6211],[-158.0858,21.6189],[-158.0902,21.6152],[-158.0949,21.6134],[-158.097,21.61],[-158.1003,21.6087],[-158.1039,21.6052],[-158.1077,21.603],[-158.1066,21.6017],[-158.1052,21.6017],[-158.1052,21.6004],[-158.1042,21.6001],[-158.1033,21.5954],[-158.1043,21.5943],[-158.1048,21.5953],[-158.1057,21.595],[-158.1046,21.594],[-158.1059,21.5934],[-158.1039,21.5934],[-158.1055,21.5927],[-158.1064,21.5931],[-158.1066,21.5948],[-158.1074,21.5947],[-158.1098,21.5935],[-158.111,21.5906],[-158.113,21.589],[-158.1189,21.5893],[-158.1199,21.5877],[-158.1163,21.5841],[-158.1204,21.5815],[-158.122,21.5848],[-158.1235,21.5832],[-158.1286,21.5821],[-158.1378,21.5842],[-158.1514,21.5808],[-158.1552,21.581],[-158.1588,21.5799],[-158.1634,21.5808],[-158.1679,21.5789],[-158.1738,21.5817],[-158.1788,21.5803],[-158.1882,21.5828],[-158.1921,21.5829],[-158.1953,21.5815],[-158.2006,21.5828],[-158.2032,21.5817],[-158.2105,21.5816],[-158.2191,21.5785],[-158.2239,21.5795],[-158.2289,21.579],[-158.2342,21.5799],[-158.2425,21.5799],[-158.245,21.579],[-158.2521,21.5798],[-158.2568,21.5778],[-158.2602,21.5782],[-158.2611,21.5772],[-158.2631,21.5779],[-158.2636,21.5772],[-158.2681,21.5771],[-158.2735,21.5754],[-158.2783,21.5762],[-158.281,21.5747],[-158.2793,21.5731],[-158.2763,21.5728],[-158.2695,21.5692],[-158.2623,21.5642],[-158.2623,21.5634],[-158.2602,21.5627],[-158.259,21.5608],[-158.2572,21.5601],[-158.2567,21.5587],[-158.25,21.5563],[-158.2493,21.5552],[-158.2485,21.5556],[-158.2486,21.5547],[-158.2463,21.5518],[-158.2419,21.548],[-158.2405,21.5459],[-158.2407,21.5451],[-158.2389,21.5443],[-158.2316,21.5369],[-158.2301,21.5338],[-158.229,21.5269],[-158.2304,21.5252],[-158.2288,21.5237],[-158.2284,21.5218],[-158.2302,21.5163],[-158.2287,21.5129],[-158.2297,21.5107],[-158.2293,21.5087],[-158.2307,21.5002],[-158.23,21.4981],[-158.2305,21.491],[-158.23,21.489],[-158.2311,21.4829],[-158.2268,21.4784],[-158.2256,21.4778],[-158.222,21.478],[-158.221,21.4771],[-158.2174,21.4687],[-158.2177,21.4674],[-158.2134,21.4635],[-158.213,21.4612],[-158.2144,21.4607],[-158.2146,21.4597],[-158.2119,21.4597],[-158.2098,21.4608],[-158.2052,21.4593],[-158.2028,21.4566],[-158.2023,21.4536],[-158.2003,21.4531],[-158.2001,21.4519],[-158.1983,21.4515],[-158.1961,21.4488],[-158.1927,21.4485],[-158.1928,21.4476],[-158.19,21.4455],[-158.1893,21.4422],[-158.192,21.4401],[-158.1892,21.4403],[-158.1829,21.4301],[-158.1794,21.4284],[-158.1809,21.4287],[-158.1798,21.4265],[-158.1786,21.4153],[-158.1773,21.4116],[-158.1787,21.4066],[-158.1769,21.4034],[-158.1767,21.4015],[-158.1725,21.3981],[-158.1667,21.3972],[-158.1627,21.3957],[-158.1591,21.3931],[-158.1482,21.3832],[-158.1464,21.3793],[-158.1429,21.3774],[-158.1412,21.3748],[-158.1411,21.372],[-158.1392,21.3722],[-158.1379,21.3708],[-158.1378,21.3692],[-158.1361,21.369],[-158.1312,21.3562],[-158.1303,21.3559],[-158.131,21.3556],[-158.1303,21.3544],[-158.1308,21.3519],[-158.1288,21.347],[-158.1278,21.3402],[-158.1243,21.3342],[-158.1229,21.3242],[-158.1221,21.3227],[-158.1202,21.3236],[-158.1191,21.322],[-158.1217,21.3219],[-158.12,21.319],[-158.1179,21.3119],[-158.111,21.2996],[-158.1064,21.2962],[-158.1012,21.295],[-158.0863,21.2956],[-158.0819,21.2976],[-158.0782,21.2983],[-158.075,21.2984],[-158.0736,21.2977],[-158.0673,21.2995],[-158.0517,21.3008],[-158.044,21.3037],[-158.0357,21.3047],[-158.0328,21.3042],[-158.0276,21.306],[-158.0223,21.306],[-158.0117,21.3092],[-157.9819,21.3159],[-157.9786,21.3155],[-157.977,21.3163],[-157.9714,21.3224],[-157.9705,21.3261],[-157.972,21.3285],[-157.9736,21.3248],[-157.9769,21.3229],[-157.9782,21.3209],[-157.9793,21.3212],[-157.9792,21.3221],[-157.977,21.3234],[-157.9756,21.3259],[-157.9721,21.329],[-157.9731,21.3315],[-157.9732,21.3343],[-157.9726,21.3347],[-157.9744,21.3371],[-157.9748,21.3392],[-157.9766,21.34],[-157.9775,21.3426],[-157.9793,21.3438],[-157.9818,21.3483],[-157.9922,21.3484],[-157.9933,21.3497],[-157.9931,21.3526],[-157.9941,21.3534],[-157.9965,21.3538],[-158.0013,21.3517],[-158.0058,21.3546],[-158.0073,21.3547],[-158.0076,21.3567],[-158.0085,21.3569],[-158.0103,21.3555],[-158.0124,21.356],[-158.0149,21.3578],[-158.0166,21.3568],[-158.0188,21.3573],[-158.0218,21.3585],[-158.0233,21.3623],[-158.021,21.3636],[-158.0217,21.3645],[-158.0212,21.3653],[-158.0162,21.3656],[-158.0193,21.3678],[-158.0212,21.3724],[-158.02,21.374],[-158.0176,21.3738],[-158.0165,21.3774],[-158.0152,21.3785],[-158.0138,21.3784],[-158.0126,21.3762],[-158.0125,21.3744],[-158.0113,21.3734],[-158.0109,21.3739],[-158.0106,21.373],[-158.0095,21.373],[-158.009,21.3742],[-158.0079,21.3708],[-158.007,21.3713],[-158.0076,21.3725],[-158.0064,21.3735],[-158.0064,21.3724],[-158.0046,21.3719],[-158.0053,21.3709],[-158.0045,21.37],[-158.0029,21.3701],[-158.0045,21.3673],[-158.0044,21.3651],[-158.0005,21.3617],[-158.0011,21.3589],[-158.0001,21.357],[-157.998,21.3566],[-157.9951,21.3595],[-157.9929,21.3595],[-157.9873,21.3623],[-157.9884,21.3578],[-157.9892,21.3581],[-157.9927,21.3568],[-157.9898,21.3546],[-157.9889,21.3518],[-157.9855,21.3509],[-157.9813,21.3519],[-157.9771,21.3463],[-157.9758,21.3458],[-157.9734,21.342],[-157.9714,21.3417],[-157.9713,21.3446],[-157.972,21.3453],[-157.9714,21.3466],[-157.9727,21.3493],[-157.971,21.3524],[-157.9711,21.354],[-157.9739,21.3565],[-157.9742,21.3586],[-157.9759,21.3608],[-157.9746,21.366],[-157.9772,21.3659],[-157.9781,21.3666],[-157.9818,21.3652],[-157.9862,21.3692],[-157.9879,21.3718],[-157.988,21.3745],[-157.9912,21.3775],[-157.9925,21.3861],[-157.9905,21.3879],[-157.9844,21.388],[-157.9851,21.3874],[-157.9849,21.3852],[-157.9809,21.3801],[-157.9759,21.378],[-157.9755,21.3764],[-157.9761,21.3749],[-157.9732,21.372],[-157.9735,21.3715],[-157.9688,21.3696],[-157.9668,21.3732],[-157.9667,21.3798],[-157.969,21.383],[-157.9694,21.3866],[-157.968,21.3872],[-157.9667,21.3863],[-157.9662,21.387],[-157.9633,21.3874],[-157.963,21.3885],[-157.9624,21.3874],[-157.9614,21.388],[-157.959,21.3871],[-157.9529,21.383],[-157.9516,21.3833],[-157.9501,21.3822],[-157.9481,21.3826],[-157.9422,21.3794],[-157.9428,21.3766],[-157.9411,21.3749],[-157.9369,21.3775],[-157.9349,21.3756],[-157.9345,21.3766],[-157.9344,21.3757],[-157.9337,21.3758],[-157.9344,21.3739],[-157.9366,21.3737],[-157.9356,21.372],[-157.9372,21.3697],[-157.9386,21.3692],[-157.9396,21.3673],[-157.9399,21.3665],[-157.9379,21.3658],[-157.9383,21.3651],[-157.9405,21.3658],[-157.9441,21.364],[-157.9407,21.3652],[-157.9417,21.3632],[-157.9453,21.3622],[-157.9453,21.3612],[-157.9471,21.3605],[-157.9454,21.3608],[-157.9453,21.3597],[-157.9487,21.3577],[-157.9468,21.3554],[-157.9418,21.3598],[-157.9422,21.3586],[-157.941,21.3592],[-157.9418,21.3582],[-157.9405,21.3588],[-157.9444,21.3549],[-157.9435,21.3551],[-157.9442,21.3545],[-157.9432,21.3539],[-157.9439,21.3537],[-157.94,21.3534],[-157.9399,21.3526],[-157.9436,21.3523],[-157.943,21.35],[-157.9504,21.3542],[-157.9517,21.3522],[-157.9525,21.3525],[-157.9512,21.3554],[-157.9534,21.3529],[-157.9517,21.356],[-157.953,21.3547],[-157.9537,21.355],[-157.9527,21.3566],[-157.9538,21.3551],[-157.9532,21.3564],[-157.9542,21.3553],[-157.9548,21.3556],[-157.9543,21.357],[-157.9593,21.3499],[-157.9582,21.3533],[-157.9607,21.35],[-157.9597,21.3526],[-157.9612,21.3508],[-157.9607,21.3523],[-157.962,21.3514],[-157.9622,21.3522],[-157.963,21.351],[-157.9625,21.3524],[-157.9642,21.352],[-157.9679,21.349],[-157.968,21.3476],[-157.9665,21.3459],[-157.9635,21.348],[-157.9662,21.3454],[-157.9649,21.3434],[-157.9647,21.3414],[-157.9679,21.3383],[-157.9684,21.3363],[-157.9685,21.3313],[-157.9675,21.3313],[-157.9678,21.3308],[-157.9668,21.3303],[-157.9673,21.3298],[-157.9666,21.3302],[-157.9668,21.3295],[-157.9661,21.33],[-157.9654,21.3292],[-157.9662,21.3287],[-157.966,21.3278],[-157.9648,21.3287],[-157.9642,21.3277],[-157.9641,21.326],[-157.9657,21.3253],[-157.9638,21.3255],[-157.9614,21.32],[-157.9563,21.3166],[-157.9541,21.317],[-157.9543,21.316],[-157.9536,21.3159],[-157.9536,21.317],[-157.9521,21.3172],[-157.9469,21.3163],[-157.9461,21.3096],[-157.9487,21.3095],[-157.9494,21.3064],[-157.9487,21.3058],[-157.9487,21.3039],[-157.9502,21.3038],[-157.9068,21.3042],[-157.9062,21.3051],[-157.9069,21.3099],[-157.9184,21.3106],[-157.9194,21.3114],[-157.9194,21.3129],[-157.9126,21.3178],[-157.9138,21.3181],[-157.9136,21.3187],[-157.9111,21.3188],[-157.9107,21.3196],[-157.9114,21.3201],[-157.9093,21.3202],[-157.9077,21.3227],[-157.9064,21.3222],[-157.8989,21.3274],[-157.8991,21.3298],[-157.8977,21.329],[-157.8962,21.3305],[-157.8937,21.3312],[-157.8939,21.3336],[-157.8921,21.3309],[-157.89,21.3318],[-157.8933,21.3275],[-157.893,21.3265],[-157.8948,21.3253],[-157.8924,21.3203],[-157.8913,21.3204],[-157.8923,21.3196],[-157.8908,21.3145],[-157.8863,21.3158],[-157.8862,21.3173],[-157.8854,21.3172],[-157.8856,21.3161],[-157.8829,21.317],[-157.8827,21.3199],[-157.8819,21.3198],[-157.8822,21.3172],[-157.8814,21.3171],[-157.8812,21.3197],[-157.8805,21.3197],[-157.8805,21.3168],[-157.8791,21.3192],[-157.8775,21.32],[-157.8795,21.3166],[-157.8786,21.3162],[-157.8779,21.3173],[-157.8772,21.317],[-157.8776,21.3159],[-157.8768,21.3173],[-157.8762,21.317],[-157.8778,21.3137],[-157.8702,21.3088],[-157.8695,21.309],[-157.8716,21.3104],[-157.8695,21.3098],[-157.8705,21.3122],[-157.8699,21.3124],[-157.869,21.31],[-157.8675,21.3103],[-157.8668,21.314],[-157.8658,21.3139],[-157.8656,21.311],[-157.8649,21.3107],[-157.8655,21.31],[-157.8647,21.3103],[-157.8644,21.3092],[-157.8665,21.3073],[-157.8663,21.3056],[-157.8647,21.3064],[-157.8658,21.3052],[-157.8645,21.3055],[-157.8649,21.3041],[-157.8636,21.3035],[-157.8644,21.3034],[-157.8677,21.299],[-157.8697,21.2954],[-157.868,21.2956],[-157.8666,21.2946],[-157.8653,21.2962],[-157.8665,21.2945],[-157.8611,21.2903],[-157.8593,21.2934],[-157.8574,21.2944],[-157.8558,21.2936],[-157.8551,21.2932],[-157.8561,21.2912],[-157.858,21.2922],[-157.8594,21.2909],[-157.8551,21.2911],[-157.847,21.2884],[-157.8464,21.2867],[-157.8484,21.2843],[-157.8481,21.2835],[-157.8462,21.283],[-157.8467,21.2822],[-157.8461,21.2816],[-157.8443,21.2878],[-157.8407,21.2878],[-157.8412,21.2868],[-157.8395,21.2836],[-157.8402,21.2844],[-157.841,21.2839],[-157.8432,21.2861],[-157.8406,21.2827],[-157.8412,21.2824],[-157.8438,21.2853],[-157.8414,21.2822],[-157.8402,21.2808],[-157.837,21.281],[-157.8353,21.2787],[-157.8332,21.2774],[-157.827,21.2761],[-157.8255,21.2748],[-157.8229,21.2706],[-157.8234,21.2683],[-157.8215,21.2613],[-157.8186,21.2576],[-157.8149,21.2561],[-157.8072,21.2547],[-157.796,21.2572],[-157.7949,21.2563],[-157.7952,21.2559],[-157.7916,21.2551],[-157.7907,21.2561],[-157.791,21.2587],[-157.7804,21.2649],[-157.7771,21.2694],[-157.7748,21.2709],[-157.7688,21.2726],[-157.7613,21.2761],[-157.7595,21.276],[-157.7583,21.2737],[-157.7559,21.2738],[-157.7547,21.2744],[-157.7544,21.2762],[-157.7479,21.2775],[-157.7429,21.28],[-157.7378,21.2798],[-157.7363,21.2805],[-157.7346,21.2797],[-157.7336,21.2801],[-157.7331,21.2818],[-157.7309,21.282],[-157.7273,21.2811],[-157.7233,21.2811],[-157.7218,21.2828],[-157.7238,21.2819],[-157.7251,21.2826],[-157.7246,21.2818],[-157.7252,21.2822],[-157.7253,21.2813],[-157.7281,21.2826],[-157.7254,21.2838],[-157.7229,21.2843],[-157.7224,21.2836],[-157.7216,21.2845],[-157.7208,21.284],[-157.7189,21.2847],[-157.7178,21.2865],[-157.7187,21.2869],[-157.7178,21.2867],[-157.7173,21.2876],[-157.7184,21.2881],[-157.7166,21.2883],[-157.7181,21.2892],[-157.7164,21.2887],[-157.7158,21.2893],[-157.7179,21.2901],[-157.7169,21.2918],[-157.7172,21.2903],[-157.7166,21.2902],[-157.7161,21.2911],[-157.7162,21.2899],[-157.7154,21.2899],[-157.7155,21.2917],[-157.7165,21.2923],[-157.7153,21.2917],[-157.7152,21.2895],[-157.7165,21.288],[-157.7159,21.2876],[-157.7147,21.2885],[-157.7158,21.2873],[-157.7168,21.2877],[-157.7174,21.2864],[-157.7153,21.2858],[-157.7122,21.2892],[-157.714,21.2858],[-157.7131,21.2855],[-157.7119,21.2878],[-157.7124,21.2858],[-157.7116,21.2855],[-157.7108,21.2875],[-157.7114,21.2902],[-157.71,21.2931],[-157.7094,21.2929],[-157.7109,21.2901],[-157.7098,21.2901],[-157.7093,21.2921],[-157.7092,21.2906],[-157.7104,21.2883],[-157.7084,21.2902],[-157.709,21.2933],[-157.7082,21.2926],[-157.7075,21.289],[-157.7101,21.2873],[-157.7093,21.2855],[-157.7149,21.2845],[-157.717,21.2861],[-157.7185,21.2851],[-157.718,21.2835],[-157.7122,21.2812],[-157.7114,21.2826],[-157.7091,21.2833],[-157.7094,21.2849],[-157.7071,21.2839],[-157.7003,21.2881],[-157.7001,21.2899],[-157.6975,21.2928],[-157.6952,21.3011],[-157.6945,21.2999],[-157.6957,21.2975],[-157.6941,21.2951],[-157.6911,21.2957],[-157.6879,21.2983],[-157.6897,21.2961],[-157.6927,21.2945],[-157.6973,21.2893],[-157.6995,21.2894],[-157.6995,21.288],[-157.7031,21.2851],[-157.7033,21.2839],[-157.702,21.2836],[-157.6996,21.2862],[-157.699,21.2861],[-157.704,21.281],[-157.7059,21.2779],[-157.7106,21.2817],[-157.7112,21.2812],[-157.709,21.2762],[-157.7086,21.2701],[-157.7117,21.2635],[-157.7117,21.262],[-157.7095,21.2596],[-157.7071,21.2591],[-157.6998,21.2602],[-157.6918,21.2636],[-157.692,21.2652],[-157.6942,21.2661],[-157.6952,21.2674],[-157.6948,21.2683],[-157.6971,21.2682],[-157.6961,21.272],[-157.6941,21.2727],[-157.6919,21.2709],[-157.6913,21.2694],[-157.6905,21.2697],[-157.6893,21.2686],[-157.6869,21.2731],[-157.6863,21.2759],[-157.6844,21.2756],[-157.6846,21.2769],[-157.6819,21.2779],[-157.6818,21.2788],[-157.6775,21.2803],[-157.6774,21.2817],[-157.6739,21.2853],[-157.6693,21.2862],[-157.6681,21.288],[-157.6668,21.2882],[-157.6646,21.2903],[-157.6601,21.2928],[-157.6586,21.2925],[-157.6577,21.2932],[-157.6613,21.2941],[-157.6589,21.2947],[-157.6583,21.2945],[-157.6591,21.2941],[-157.6577,21.294],[-157.658,21.2958],[-157.6564,21.2959],[-157.6548,21.2976],[-157.6539,21.2966],[-157.6541,21.2977],[-157.6509,21.2989],[-157.6498,21.3035],[-157.6489,21.3041],[-157.6492,21.3081],[-157.6486,21.3097],[-157.6496,21.3111],[-157.6507,21.3101],[-157.6534,21.3109],[-157.6593,21.3102],[-157.6606,21.3118],[-157.6604,21.314],[-157.6616,21.3156],[-157.6642,21.317],[-157.6659,21.3161],[-157.6676,21.3165],[-157.6737,21.3219],[-157.6794,21.3252],[-157.6883,21.3283],[-157.6933,21.3321],[-157.7047,21.3486],[-157.708,21.3567],[-157.7087,21.3568],[-157.7082,21.3575],[-157.7097,21.3662],[-157.7059,21.3766],[-157.706,21.3803],[-157.7084,21.3813],[-157.7115,21.388],[-157.7166,21.3936],[-157.7204,21.3962],[-157.7228,21.3959],[-157.7269,21.3984],[-157.7329,21.3996],[-157.7348,21.4007],[-157.7379,21.4035],[-157.7414,21.4089],[-157.7448,21.4207],[-157.7444,21.4225],[-157.7415,21.4255],[-157.7402,21.4254],[-157.7392,21.4242],[-157.7381,21.4254],[-157.7379,21.4283],[-157.7357,21.4334],[-157.7367,21.4391],[-157.7365,21.4438],[-157.7345,21.446],[-157.7326,21.4457],[-157.7299,21.4467],[-157.7259,21.4497],[-157.7261,21.4506],[-157.725,21.4516],[-157.7256,21.4519],[-157.7253,21.4541],[-157.7242,21.455],[-157.7234,21.4544],[-157.7226,21.4556],[-157.7223,21.4589],[-157.7282,21.4595],[-157.7298,21.4603],[-157.736,21.4564],[-157.7391,21.4558],[-157.74,21.4543],[-157.7427,21.4535],[-157.7467,21.4538],[-157.7628,21.4593],[-157.7638,21.4606],[-157.7629,21.4622],[-157.7635,21.4629],[-157.7657,21.4611],[-157.7664,21.4587],[-157.7678,21.4578],[-157.7682,21.4564],[-157.773,21.4572],[-157.7742,21.4539],[-157.7767,21.4525],[-157.7776,21.451],[-157.7766,21.4491],[-157.7786,21.4461],[-157.7772,21.4437],[-157.7723,21.4427],[-157.7658,21.4397],[-157.7643,21.4385],[-157.7654,21.4376],[-157.7638,21.4381],[-157.7624,21.4401],[-157.7626,21.4386],[-157.7586,21.437],[-157.7574,21.4357],[-157.7607,21.4325],[-157.7611,21.4286],[-157.7642,21.4277],[-157.7644,21.4259],[-157.7655,21.4244],[-157.7643,21.4213],[-157.7653,21.4194],[-157.7666,21.419],[-157.7665,21.4161],[-157.7685,21.416],[-157.7694,21.4142],[-157.7715,21.4147],[-157.7727,21.4115],[-157.7729,21.4126],[-157.7742,21.413],[-157.7769,21.4118],[-157.7803,21.412],[-157.781,21.4108],[-157.7868,21.4139],[-157.7877,21.4177],[-157.7915,21.4178],[-157.7905,21.4181],[-157.791,21.4189],[-157.7899,21.4182],[-157.7905,21.42],[-157.7894,21.4204],[-157.788,21.4231],[-157.7889,21.4248],[-157.7914,21.4242],[-157.7911,21.4276],[-157.792,21.4286],[-157.7951,21.4287],[-157.7945,21.4259],[-157.7964,21.4247],[-157.7981,21.4252],[-157.7999,21.4243],[-157.8018,21.4268],[-157.8031,21.4268],[-157.8049,21.43],[-157.8079,21.4325],[-157.8112,21.4372],[-157.8073,21.4424],[-157.8088,21.443],[-157.8093,21.4421],[-157.8111,21.4423],[-157.8096,21.4433],[-157.8108,21.443],[-157.8098,21.4445],[-157.8116,21.4429],[-157.8144,21.4488],[-157.8159,21.4544],[-157.8204,21.4526],[-157.8248,21.4532],[-157.8264,21.455],[-157.8263,21.4561],[-157.8312,21.4579],[-157.8326,21.4626],[-157.8338,21.461],[-157.8347,21.461],[-157.834,21.4599],[-157.8343,21.458],[-157.8365,21.4576],[-157.839,21.4605],[-157.8406,21.4602],[-157.8427,21.4635],[-157.843,21.4648],[-157.8423,21.4664],[-157.8444,21.4715],[-157.8422,21.4753],[-157.8417,21.483],[-157.8424,21.4843],[-157.845,21.484],[-157.849,21.4869],[-157.849,21.489],[-157.847,21.4928],[-157.8506,21.4962],[-157.8524,21.5047],[-157.8512,21.5059],[-157.8513,21.5075],[-157.8489,21.5073],[-157.8491,21.5065],[-157.8477,21.5064],[-157.84,21.5088],[-157.8371,21.5084],[-157.8347,21.5091],[-157.8357,21.5175],[-157.8343,21.5264],[-157.8348,21.5283],[-157.838,21.5346],[-157.8401,21.5365],[-157.8421,21.542],[-157.8461,21.5458],[-157.8468,21.5502],[-157.8525,21.557],[-157.8642,21.5606],[-157.866,21.5587],[-157.8691,21.5579],[-157.8671,21.5577],[-157.8687,21.5567],[-157.8691,21.5572],[-157.8693,21.5561],[-157.8731,21.5556],[-157.8761,21.5572],[-157.8765,21.5584],[-157.8746,21.563],[-157.8751,21.5731],[-157.877,21.5751],[-157.8838,21.5781],[-157.886,21.5805],[-157.8884,21.5888],[-157.8919,21.5924],[-157.8949,21.5942],[-157.8986,21.6031],[-157.9053,21.6072],[-157.9085,21.6084],[-157.9095,21.608],[-157.9087,21.6085],[-157.909,21.6099],[-157.9099,21.61],[-157.9103,21.6106],[-157.9095,21.6107],[-157.9129,21.6149],[-157.9128,21.6169],[-157.9134,21.6172],[-157.9128,21.6173],[-157.9125,21.6196],[-157.9205,21.6257],[-157.9214,21.628],[-157.9203,21.629],[-157.9213,21.6303],[-157.9201,21.6331],[-157.921,21.6328],[-157.9186,21.6345],[-157.9181,21.6405],[-157.919,21.6438],[-157.9183,21.6465],[-157.9175,21.6475],[-157.9122,21.6484],[-157.9181,21.649],[-157.9222,21.6482],[-157.9237,21.6503],[-157.9273,21.6523],[-157.9288,21.6553],[-157.9271,21.6609],[-157.934,21.6636],[-157.9358,21.6655],[-157.9368,21.668],[-157.9366,21.6718],[-157.9344,21.6734],[-157.9329,21.6732],[-157.9329,21.6738],[-157.9349,21.6752],[-157.9367,21.675],[-157.9402,21.6776],[-157.9446,21.6846],[-157.9447,21.6874],[-157.9484,21.6898],[-157.9496,21.6923],[-157.9557,21.6974],[-157.9589,21.7022],[-157.9634,21.7043],[-157.9661,21.7095],[-157.9678,21.7097],[-157.9693,21.709],[-157.9743,21.7101],[-157.9792,21.7093],[-157.9808,21.7104],[-157.9833,21.7106],[-157.9834,21.7122],[-157.9843,21.7124],[-157.9844,21.7093],[-157.9901,21.7047],[-157.9957,21.7057],[-157.9967,21.707],[-157.9977,21.7053],[-157.9995,21.7072],[-157.9996,21.7047],[-157.9985,21.704],[-157.999,21.7024],[-158.0008,21.7],[-158.0035,21.6994]],[[-157.9459,21.3162],[-157.9378,21.3156],[-157.9348,21.314],[-157.9327,21.314],[-157.9297,21.3123],[-157.9289,21.3101],[-157.9452,21.3102],[-157.9459,21.3162]]]},"properties":{"st_area(shape)":1546408035.6035013,"st_perimeter(shape)":381624.26918088197,"objectid":4,"water":0,"sqmi":597.06899999999996,"isle":"Oahu","totsqmi":598.91999999999996}},{"type":"Feature","id":5,"geometry":{"type":"Polygon","coordinates":[[[-157.9607,21.3696],[-157.9638,21.3669],[-157.9639,21.3677],[-157.9646,21.3671],[-157.9639,21.3668],[-157.9645,21.3664],[-157.9665,21.3657],[-157.9689,21.3614],[-157.9688,21.3592],[-157.9664,21.3576],[-157.9658,21.355],[-157.9596,21.3572],[-157.958,21.3619],[-157.9554,21.3619],[-157.9556,21.3613],[-157.9541,21.3628],[-157.954,21.362],[-157.9529,21.363],[-157.9539,21.363],[-157.9515,21.3646],[-157.9507,21.3676],[-157.95,21.3672],[-157.9511,21.3687],[-157.9539,21.3687],[-157.9561,21.3709],[-157.9589,21.3712],[-157.9585,21.3718],[-157.9616,21.3694],[-157.9607,21.3696]]]},"properties":{"st_area(shape)":1844934.1791706854,"st_perimeter(shape)":7897.7133102215075,"objectid":5,"water":0,"sqmi":0.71233000000000002,"isle":"Oahu","totsqmi":598.91999999999996}},{"type":"Feature","id":6,"geometry":{"type":"Polygon","coordinates":[[[-157.9459,21.3162],[-157.9452,21.3102],[-157.9289,21.3101],[-157.9297,21.3123],[-157.9327,21.314],[-157.9348,21.314],[-157.9378,21.3156],[-157.9459,21.3162]]]},"properties":{"st_area(shape)":876843.66185430763,"st_perimeter(shape)":4463.074155939903,"objectid":6,"water":1,"sqmi":0.33855000000000002,"isle":"Oahu","totsqmi":598.91999999999996}},{"type":"Feature","id":7,"geometry":{"type":"Polygon","coordinates":[[[-157.8803,21.3125],[-157.8801,21.3131],[-157.8809,21.3132],[-157.8814,21.3122],[-157.8812,21.3133],[-157.8859,21.3141],[-157.8895,21.3124],[-157.8842,21.3017],[-157.8853,21.301],[-157.884,21.2999],[-157.8801,21.3012],[-157.876,21.301],[-157.8709,21.2987],[-157.8693,21.3022],[-157.8719,21.3066],[-157.8738,21.3077],[-157.8731,21.3087],[-157.8794,21.3127],[-157.8804,21.3108],[-157.8803,21.3125]]]},"properties":{"st_area(shape)":2072611.9946820552,"st_perimeter(shape)":7228.8025352230188,"objectid":7,"water":0,"sqmi":0.80023699999999998,"isle":"Oahu","totsqmi":598.91999999999996}},{"type":"Feature","id":8,"geometry":{"type":"Polygon","coordinates":[[[-157.1972,21.2143],[-157.1985,21.2144],[-157.2006,21.2171],[-157.2018,21.2149],[-157.2039,21.2156],[-157.2046,21.2173],[-157.2063,21.2168],[-157.2115,21.2209],[-157.2156,21.218],[-157.2266,21.2172],[-157.2323,21.2181],[-157.2388,21.2179],[-157.254,21.2242],[-157.256,21.2226],[-157.2577,21.2225],[-157.2584,21.2213],[-157.2582,21.2197],[-157.2595,21.2193],[-157.2603,21.2176],[-157.2584,21.2157],[-157.2591,21.2153],[-157.2586,21.2144],[-157.2526,21.211],[-157.2516,21.2088],[-157.2496,21.2077],[-157.2508,21.2074],[-157.25,21.2066],[-157.2508,21.2062],[-157.2486,21.2055],[-157.2476,21.2041],[-157.2493,21.203],[-157.248,21.2024],[-157.2487,21.1987],[-157.2476,21.1982],[-157.2484,21.1939],[-157.2499,21.1917],[-157.2483,21.1906],[-157.2485,21.1869],[-157.2504,21.1833],[-157.2526,21.1828],[-157.2525,21.1803],[-157.2512,21.1783],[-157.2584,21.1702],[-157.2698,21.1605],[-157.2719,21.1593],[-157.2737,21.1598],[-157.2753,21.1582],[-157.2774,21.1584],[-157.278,21.1566],[-157.2792,21.1559],[-157.2791,21.1542],[-157.2814,21.1547],[-157.2814,21.1539],[-157.2834,21.1525],[-157.2834,21.151],[-157.2866,21.1485],[-157.2869,21.1473],[-157.2885,21.1468],[-157.2894,21.144],[-157.291,21.1429],[-157.2892,21.1415],[-157.2907,21.1409],[-157.2909,21.1401],[-157.2895,21.1377],[-157.2911,21.1369],[-157.2911,21.1361],[-157.2968,21.1334],[-157.2963,21.1299],[-157.2975,21.128],[-157.2989,21.1274],[-157.299,21.1252],[-157.3003,21.1246],[-157.3002,21.1221],[-157.2987,21.1205],[-157.3005,21.1153],[-157.3066,21.108],[-157.3075,21.1047],[-157.3109,21.102],[-157.3077,21.0974],[-157.3054,21.0966],[-157.3047,21.0951],[-157.3024,21.0951],[-157.2981,21.0931],[-157.2934,21.0939],[-157.2883,21.0936],[-157.2857,21.0921],[-157.2841,21.093],[-157.2789,21.0919],[-157.277,21.0908],[-157.2715,21.0908],[-157.2636,21.0889],[-157.2522,21.0876],[-157.2511,21.0871],[-157.2517,21.0864],[-157.2497,21.0843],[-157.2508,21.0868],[-157.2468,21.0868],[-157.2486,21.0845],[-157.2452,21.0859],[-157.2426,21.088],[-157.2346,21.0879],[-157.2139,21.09],[-157.2016,21.0897],[-157.1943,21.0909],[-157.194,21.0896],[-157.1941,21.0909],[-157.1923,21.0914],[-157.1862,21.0917],[-157.1832,21.0906],[-157.1805,21.0913],[-157.1777,21.0908],[-157.1732,21.0924],[-157.1615,21.0917],[-157.1566,21.093],[-157.1504,21.0924],[-157.1491,21.0912],[-157.1467,21.093],[-157.1379,21.0939],[-157.1287,21.0977],[-157.1266,21.0979],[-157.1254,21.0966],[-157.1256,21.0977],[-157.1222,21.099],[-157.1195,21.0988],[-157.119,21.098],[-157.1181,21.0991],[-157.1153,21.0988],[-157.1127,21.1008],[-157.108,21.1001],[-157.105,21.1017],[-157.1012,21.1004],[-157.0975,21.1036],[-157.0943,21.1035],[-157.0915,21.1018],[-157.0874,21.1024],[-157.0814,21.1014],[-157.0792,21.1022],[-157.0667,21.1005],[-157.0648,21.0995],[-157.0638,21.0995],[-157.063,21.1011],[-157.0624,21.101],[-157.0629,21.0997],[-157.0585,21.0997],[-157.0481,21.0957],[-157.0396,21.0959],[-157.0345,21.0947],[-157.0334,21.0941],[-157.0336,21.0932],[-157.0289,21.0872],[-157.0251,21.0905],[-157.0283,21.0875],[-157.0254,21.0872],[-157.024,21.0857],[-157.0282,21.0822],[-157.0293,21.0806],[-157.0287,21.0802],[-157.0235,21.0856],[-157.0186,21.0853],[-157.0077,21.0806],[-156.9998,21.0795],[-156.999,21.0785],[-157.0009,21.0768],[-156.9964,21.0781],[-156.9848,21.0752],[-156.9792,21.0718],[-156.9786,21.0705],[-156.9795,21.0696],[-156.9772,21.0709],[-156.9688,21.07],[-156.9665,21.0688],[-156.9668,21.0672],[-156.9647,21.0684],[-156.9611,21.0671],[-156.9538,21.0661],[-156.9496,21.0636],[-156.9424,21.0628],[-156.929,21.0599],[-156.9203,21.0594],[-156.9148,21.0567],[-156.9091,21.0557],[-156.9063,21.0563],[-156.9053,21.0555],[-156.906,21.0545],[-156.9031,21.056],[-156.9013,21.0557],[-156.8998,21.0543],[-156.8979,21.0551],[-156.8949,21.0551],[-156.8935,21.0544],[-156.893,21.0509],[-156.8907,21.049],[-156.8854,21.0492],[-156.8837,21.0466],[-156.8821,21.0467],[-156.8821,21.0475],[-156.8816,21.0465],[-156.8807,21.048],[-156.8808,21.0471],[-156.875,21.0468],[-156.8745,21.046],[-156.873,21.0489],[-156.8712,21.0505],[-156.8695,21.0495],[-156.8675,21.0497],[-156.864,21.0523],[-156.8607,21.0526],[-156.8594,21.0554],[-156.8584,21.0549],[-156.8557,21.0566],[-156.8549,21.0562],[-156.8518,21.0573],[-156.8492,21.0564],[-156.8482,21.055],[-156.8485,21.0522],[-156.8519,21.0507],[-156.8491,21.0487],[-156.8491,21.051],[-156.847,21.0535],[-156.843,21.0543],[-156.8412,21.0536],[-156.8388,21.0548],[-156.8381,21.054],[-156.8376,21.0548],[-156.8364,21.0545],[-156.837,21.0534],[-156.8364,21.0536],[-156.8337,21.0578],[-156.8327,21.058],[-156.8324,21.06],[-156.8289,21.0593],[-156.8274,21.0606],[-156.8239,21.0615],[-156.822,21.0636],[-156.8217,21.0654],[-156.8204,21.0655],[-156.819,21.0641],[-156.8178,21.0653],[-156.8114,21.0653],[-156.8105,21.066],[-156.8108,21.0669],[-156.8085,21.0663],[-156.8101,21.0657],[-156.8027,21.0667],[-156.8002,21.07],[-156.7992,21.0686],[-156.7985,21.0695],[-156.7995,21.0712],[-156.798,21.0718],[-156.7971,21.0693],[-156.7965,21.0707],[-156.7944,21.0721],[-156.791,21.0727],[-156.7889,21.0749],[-156.7879,21.0787],[-156.7835,21.0801],[-156.7842,21.081],[-156.7823,21.0822],[-156.7754,21.0825],[-156.7743,21.0851],[-156.7732,21.0865],[-156.7714,21.0869],[-156.77,21.0895],[-156.7579,21.0966],[-156.7439,21.1076],[-156.745,21.1103],[-156.7446,21.1112],[-156.7395,21.1113],[-156.7404,21.1143],[-156.7382,21.1136],[-156.7376,21.1147],[-156.7357,21.115],[-156.7359,21.1157],[-156.7346,21.1162],[-156.7307,21.1226],[-156.7309,21.1237],[-156.729,21.125],[-156.7291,21.1263],[-156.7275,21.1261],[-156.7229,21.1298],[-156.7212,21.1337],[-156.7172,21.1391],[-156.7173,21.1402],[-156.7152,21.1417],[-156.7148,21.1431],[-156.713,21.1442],[-156.7138,21.1457],[-156.711,21.1487],[-156.7114,21.1503],[-156.7107,21.1527],[-156.7119,21.1545],[-156.7098,21.1571],[-156.71,21.1582],[-156.7117,21.1597],[-156.7165,21.1606],[-156.7284,21.1576],[-156.732,21.1594],[-156.7354,21.1578],[-156.7359,21.1589],[-156.7375,21.1592],[-156.7372,21.1605],[-156.736,21.1607],[-156.7358,21.1685],[-156.7378,21.1718],[-156.7396,21.1729],[-156.7458,21.1742],[-156.7595,21.1745],[-156.7692,21.1764],[-156.7708,21.176],[-156.7729,21.1738],[-156.7763,21.1745],[-156.7797,21.1731],[-156.7843,21.1741],[-156.7873,21.1719],[-156.7886,21.1689],[-156.79,21.1694],[-156.7912,21.1681],[-156.7955,21.1678],[-156.798,21.1701],[-156.8006,21.1743],[-156.8043,21.1752],[-156.8084,21.1728],[-156.8177,21.172],[-156.823,21.1684],[-156.8257,21.1675],[-156.8272,21.1681],[-156.827,21.1664],[-156.8308,21.1641],[-156.8367,21.1642],[-156.8433,21.1669],[-156.8471,21.1661],[-156.8528,21.1633],[-156.8601,21.1631],[-156.8663,21.1614],[-156.8685,21.1619],[-156.8742,21.1669],[-156.8737,21.1656],[-156.8756,21.1649],[-156.8769,21.167],[-156.8795,21.1609],[-156.8829,21.1613],[-156.8844,21.164],[-156.8852,21.168],[-156.8902,21.1684],[-156.8945,21.1702],[-156.8927,21.1664],[-156.8944,21.1664],[-156.8957,21.1633],[-156.8976,21.1617],[-156.8986,21.1631],[-156.9019,21.1621],[-156.9027,21.1629],[-156.9022,21.1639],[-156.9043,21.1652],[-156.9064,21.1653],[-156.9076,21.1642],[-156.9135,21.1659],[-156.9147,21.1674],[-156.914,21.169],[-156.9155,21.1702],[-156.915,21.1717],[-156.9181,21.1691],[-156.9197,21.1687],[-156.9225,21.1697],[-156.9267,21.1697],[-156.9275,21.1715],[-156.9294,21.1727],[-156.9288,21.1707],[-156.9319,21.1691],[-156.9424,21.172],[-156.9444,21.1733],[-156.945,21.177],[-156.9456,21.1766],[-156.9464,21.1783],[-156.9484,21.1795],[-156.9477,21.1819],[-156.9487,21.1833],[-156.9486,21.1888],[-156.9502,21.1899],[-156.9507,21.192],[-156.9514,21.1917],[-156.9524,21.1952],[-156.9562,21.1991],[-156.9559,21.2005],[-156.9571,21.2008],[-156.957,21.2022],[-156.9578,21.2024],[-156.9572,21.2046],[-156.958,21.2065],[-156.9587,21.206],[-156.9593,21.2075],[-156.9598,21.2072],[-156.9601,21.2091],[-156.9635,21.21],[-156.9655,21.2117],[-156.9654,21.2136],[-156.969,21.2136],[-156.9691,21.2145],[-156.9712,21.2153],[-156.9736,21.2134],[-156.9754,21.2141],[-156.9766,21.2126],[-156.9769,21.2107],[-156.9802,21.2084],[-156.9807,21.207],[-156.9815,21.207],[-156.9795,21.2048],[-156.9797,21.2025],[-156.982,21.2009],[-156.9815,21.1993],[-156.9831,21.197],[-156.9839,21.1926],[-156.9853,21.1919],[-156.9845,21.1878],[-156.9863,21.1845],[-156.9881,21.1826],[-156.9917,21.1808],[-157.0003,21.179],[-157.0043,21.1811],[-157.01,21.1819],[-157.0144,21.1839],[-157.019,21.1838],[-157.0263,21.1861],[-157.0405,21.1884],[-157.0436,21.1883],[-157.0498,21.1858],[-157.0605,21.1857],[-157.0667,21.1887],[-157.0711,21.1892],[-157.0738,21.1886],[-157.0781,21.1902],[-157.0807,21.1901],[-157.0939,21.1953],[-157.0969,21.1945],[-157.1017,21.1962],[-157.1038,21.1949],[-157.1063,21.1953],[-157.1109,21.1943],[-157.1121,21.1954],[-157.1139,21.1952],[-157.1159,21.1966],[-157.1182,21.1968],[-157.1186,21.1978],[-157.1199,21.1966],[-157.1224,21.1967],[-157.126,21.1989],[-157.1268,21.1983],[-157.1297,21.1995],[-157.1331,21.1979],[-157.1339,21.1988],[-157.1356,21.1983],[-157.1361,21.1995],[-157.1366,21.199],[-157.1405,21.1998],[-157.1416,21.199],[-157.1429,21.1996],[-157.1432,21.197],[-157.1461,21.1977],[-157.1485,21.1971],[-157.1495,21.1974],[-157.1502,21.199],[-157.1513,21.1985],[-157.152,21.1991],[-157.1536,21.1977],[-157.1562,21.1982],[-157.1572,21.1992],[-157.1569,21.2012],[-157.1578,21.202],[-157.1706,21.201],[-157.1774,21.2033],[-157.1801,21.2034],[-157.1822,21.2025],[-157.1855,21.2029],[-157.1886,21.204],[-157.1918,21.2065],[-157.1961,21.214],[-157.1972,21.2143]]]},"properties":{"st_area(shape)":675276823.27977765,"st_perimeter(shape)":191967.65786447009,"objectid":8,"water":0,"sqmi":260.72500000000002,"isle":"Molokai","totsqmi":260.72500000000002}},{"type":"Feature","id":9,"geometry":{"type":"Polygon","coordinates":[[[-156.627,21.0225],[-156.6299,21.0239],[-156.6304,21.0254],[-156.6312,21.0244],[-156.6346,21.0253],[-156.6373,21.0241],[-156.6392,21.0251],[-156.6401,21.0238],[-156.6411,21.024],[-156.6413,21.0192],[-156.638,21.0149],[-156.6378,21.0135],[-156.6386,21.013],[-156.6416,21.014],[-156.641,21.0132],[-156.6423,21.0112],[-156.6453,21.0122],[-156.6468,21.0111],[-156.6459,21.0102],[-156.6464,21.0089],[-156.65,21.0054],[-156.6538,21.0047],[-156.6567,21.0086],[-156.6563,21.0053],[-156.6579,21.0045],[-156.6617,21.0045],[-156.6628,21.0039],[-156.6669,21.0067],[-156.6661,21.0048],[-156.6671,21.0037],[-156.6664,21.0018],[-156.6669,21.0013],[-156.6684,21.0022],[-156.6666,21.0002],[-156.667,20.999],[-156.6684,20.9989],[-156.6663,20.9968],[-156.6665,20.9958],[-156.6695,20.9935],[-156.6683,20.9917],[-156.6699,20.9912],[-156.6698,20.9885],[-156.6706,20.989],[-156.6706,20.9883],[-156.6712,20.9888],[-156.6724,20.9878],[-156.6731,20.9871],[-156.6723,20.9859],[-156.6729,20.9842],[-156.6747,20.9842],[-156.6737,20.9819],[-156.676,20.98],[-156.676,20.9787],[-156.6782,20.9773],[-156.6805,20.9721],[-156.6809,20.9688],[-156.6834,20.966],[-156.6844,20.9609],[-156.6871,20.9547],[-156.692,20.9484],[-156.6933,20.9321],[-156.6944,20.9292],[-156.6971,20.9273],[-156.6969,20.9264],[-156.6958,20.9266],[-156.6953,20.9251],[-156.6971,20.9169],[-156.6946,20.9131],[-156.6888,20.9093],[-156.6849,20.9015],[-156.6857,20.8911],[-156.6852,20.8875],[-156.6867,20.8849],[-156.6887,20.8868],[-156.6868,20.8848],[-156.6876,20.882],[-156.6825,20.8781],[-156.6789,20.8738],[-156.6784,20.8731],[-156.6789,20.8718],[-156.6775,20.8698],[-156.6794,20.8712],[-156.6704,20.8614],[-156.6695,20.8589],[-156.667,20.8576],[-156.6572,20.8489],[-156.6481,20.8353],[-156.6467,20.8342],[-156.6404,20.8322],[-156.6327,20.8253],[-156.63,20.8214],[-156.6281,20.8147],[-156.6266,20.8122],[-156.6232,20.8093],[-156.6236,20.8083],[-156.6227,20.8092],[-156.6209,20.8091],[-156.618,20.8074],[-156.6117,20.8101],[-156.605,20.8088],[-156.5999,20.8061],[-156.5904,20.7984],[-156.5853,20.7955],[-156.582,20.7943],[-156.5664,20.7924],[-156.5628,20.79],[-156.5613,20.79],[-156.559,20.7878],[-156.5576,20.7881],[-156.5573,20.7868],[-156.5559,20.7872],[-156.5558,20.7859],[-156.552,20.7839],[-156.5509,20.7845],[-156.5485,20.7818],[-156.5473,20.7819],[-156.5473,20.781],[-156.5437,20.7801],[-156.539,20.7752],[-156.5367,20.774],[-156.5325,20.7756],[-156.5308,20.7744],[-156.5287,20.7767],[-156.5257,20.7768],[-156.5249,20.778],[-156.5224,20.7768],[-156.5225,20.7785],[-156.5187,20.7813],[-156.5166,20.7849],[-156.5153,20.7856],[-156.5151,20.7884],[-156.5138,20.7898],[-156.5109,20.7901],[-156.5135,20.7901],[-156.5136,20.7907],[-156.509,20.7921],[-156.5062,20.7951],[-156.4993,20.7966],[-156.4945,20.7966],[-156.4846,20.7944],[-156.4727,20.789],[-156.4631,20.7812],[-156.4612,20.7782],[-156.4594,20.7697],[-156.4591,20.7623],[-156.46,20.7604],[-156.4602,20.7524],[-156.4576,20.7466],[-156.458,20.7448],[-156.4567,20.7398],[-156.4567,20.7362],[-156.4548,20.732],[-156.4503,20.7282],[-156.4502,20.7258],[-156.4487,20.7236],[-156.447,20.7168],[-156.446,20.7081],[-156.4473,20.7062],[-156.4471,20.7046],[-156.4451,20.6988],[-156.4445,20.6915],[-156.4438,20.69],[-156.4448,20.6861],[-156.4433,20.6833],[-156.4437,20.6813],[-156.4451,20.6796],[-156.4437,20.6764],[-156.4444,20.6728],[-156.443,20.6685],[-156.4439,20.6672],[-156.4427,20.6663],[-156.4415,20.6622],[-156.4423,20.6596],[-156.4417,20.6575],[-156.4438,20.6554],[-156.4429,20.6542],[-156.4411,20.654],[-156.4412,20.6509],[-156.4421,20.651],[-156.442,20.6496],[-156.4431,20.6498],[-156.4426,20.648],[-156.4434,20.6458],[-156.4466,20.6446],[-156.4459,20.6431],[-156.4469,20.6404],[-156.448,20.6393],[-156.4508,20.6391],[-156.4531,20.637],[-156.4516,20.6346],[-156.4524,20.6334],[-156.4498,20.6335],[-156.4459,20.6307],[-156.443,20.6254],[-156.4421,20.6254],[-156.4421,20.6246],[-156.4407,20.6241],[-156.4394,20.6222],[-156.4381,20.618],[-156.4373,20.618],[-156.4382,20.6156],[-156.4368,20.6127],[-156.4376,20.6113],[-156.4404,20.61],[-156.44,20.6069],[-156.4411,20.6059],[-156.4413,20.6045],[-156.4375,20.6033],[-156.4369,20.5997],[-156.4355,20.5982],[-156.4322,20.5965],[-156.4321,20.5971],[-156.4313,20.5964],[-156.4302,20.5968],[-156.4305,20.5958],[-156.4284,20.5947],[-156.4266,20.5956],[-156.4262,20.5939],[-156.4255,20.5953],[-156.4233,20.5963],[-156.4236,20.5979],[-156.4232,20.5963],[-156.4222,20.5964],[-156.4226,20.5971],[-156.4216,20.5978],[-156.4226,20.5989],[-156.4212,20.5987],[-156.4217,20.6004],[-156.4187,20.5975],[-156.4164,20.5973],[-156.4139,20.5945],[-156.4128,20.5914],[-156.4128,20.5895],[-156.4142,20.5864],[-156.4132,20.5859],[-156.4123,20.5829],[-156.4094,20.5823],[-156.4085,20.5835],[-156.4036,20.583],[-156.4026,20.5822],[-156.4029,20.5802],[-156.4023,20.5796],[-156.4014,20.58],[-156.4009,20.5788],[-156.3986,20.5803],[-156.398,20.5819],[-156.3961,20.5799],[-156.3938,20.5804],[-156.3906,20.579],[-156.3882,20.5798],[-156.3872,20.5789],[-156.3835,20.581],[-156.3831,20.5791],[-156.3804,20.5784],[-156.3804,20.5777],[-156.3802,20.5784],[-156.3785,20.578],[-156.3775,20.5759],[-156.3755,20.575],[-156.375,20.5757],[-156.3748,20.5749],[-156.3741,20.5757],[-156.3736,20.5744],[-156.3733,20.5755],[-156.3711,20.5748],[-156.3697,20.576],[-156.3681,20.5753],[-156.3651,20.5775],[-156.3608,20.5778],[-156.3606,20.5784],[-156.3592,20.5783],[-156.3589,20.5776],[-156.3578,20.5785],[-156.357,20.5781],[-156.3565,20.5796],[-156.3544,20.5806],[-156.3505,20.5804],[-156.3494,20.5817],[-156.3498,20.5833],[-156.349,20.5836],[-156.3477,20.5825],[-156.3469,20.5837],[-156.3455,20.583],[-156.3422,20.5838],[-156.3406,20.5805],[-156.3397,20.581],[-156.3391,20.5802],[-156.3384,20.581],[-156.3374,20.5804],[-156.3369,20.5812],[-156.3357,20.5807],[-156.3352,20.5831],[-156.3338,20.5825],[-156.3327,20.584],[-156.3319,20.584],[-156.3318,20.5831],[-156.3308,20.5842],[-156.3286,20.5838],[-156.3283,20.5849],[-156.3274,20.5838],[-156.3262,20.5837],[-156.3243,20.5848],[-156.3202,20.585],[-156.3169,20.5838],[-156.3127,20.5842],[-156.3116,20.5834],[-156.3106,20.5842],[-156.3077,20.5828],[-156.305,20.5838],[-156.3035,20.5827],[-156.2978,20.583],[-156.2966,20.5842],[-156.2866,20.5873],[-156.2863,20.5886],[-156.2851,20.589],[-156.2848,20.5905],[-156.2819,20.5921],[-156.2816,20.5932],[-156.2768,20.5935],[-156.2736,20.5946],[-156.2731,20.5954],[-156.2709,20.5954],[-156.2676,20.597],[-156.2668,20.5984],[-156.262,20.5982],[-156.2605,20.5998],[-156.2584,20.5997],[-156.2579,20.6009],[-156.2571,20.6007],[-156.2558,20.6022],[-156.2513,20.6042],[-156.2501,20.606],[-156.2474,20.6064],[-156.2463,20.6054],[-156.2429,20.6089],[-156.2394,20.61],[-156.2389,20.6113],[-156.2352,20.6108],[-156.2334,20.6118],[-156.2334,20.6127],[-156.2309,20.6123],[-156.2308,20.613],[-156.2287,20.6132],[-156.2283,20.6141],[-156.2273,20.6141],[-156.227,20.6153],[-156.2243,20.616],[-156.2222,20.6196],[-156.219,20.6199],[-156.2176,20.6216],[-156.2154,20.6225],[-156.2133,20.6219],[-156.2135,20.6229],[-156.2119,20.6241],[-156.2076,20.6251],[-156.2065,20.6244],[-156.2008,20.6271],[-156.1986,20.6268],[-156.1936,20.6283],[-156.1893,20.6284],[-156.1844,20.6264],[-156.1787,20.627],[-156.1777,20.6265],[-156.1773,20.6228],[-156.1749,20.6214],[-156.173,20.6224],[-156.1721,20.6208],[-156.1706,20.6208],[-156.1696,20.623],[-156.1667,20.6241],[-156.165,20.6233],[-156.1648,20.6209],[-156.1632,20.6206],[-156.1622,20.6224],[-156.1546,20.6263],[-156.147,20.6253],[-156.1454,20.6257],[-156.1402,20.6181],[-156.1399,20.6192],[-156.1392,20.6188],[-156.1402,20.6202],[-156.1391,20.6215],[-156.1368,20.6214],[-156.1356,20.6198],[-156.1346,20.6212],[-156.1353,20.6232],[-156.1348,20.6238],[-156.1335,20.6233],[-156.1336,20.624],[-156.1326,20.6242],[-156.128,20.6231],[-156.1271,20.6241],[-156.1273,20.6261],[-156.125,20.6278],[-156.1242,20.6298],[-156.122,20.6309],[-156.1198,20.63],[-156.1183,20.6306],[-156.1121,20.6353],[-156.1107,20.6371],[-156.1113,20.6386],[-156.1108,20.6398],[-156.1092,20.6394],[-156.1076,20.6411],[-156.1064,20.641],[-156.1059,20.6398],[-156.0986,20.6422],[-156.0944,20.6416],[-156.0938,20.6408],[-156.0936,20.6424],[-156.0863,20.6447],[-156.0865,20.6456],[-156.0841,20.6478],[-156.0787,20.6512],[-156.0745,20.6497],[-156.0714,20.6473],[-156.0687,20.6472],[-156.0684,20.6465],[-156.0683,20.6471],[-156.0667,20.6471],[-156.0643,20.6461],[-156.063,20.6483],[-156.0604,20.6479],[-156.0572,20.649],[-156.0565,20.6485],[-156.0551,20.6506],[-156.0536,20.6499],[-156.0529,20.6513],[-156.0499,20.6506],[-156.0483,20.6518],[-156.0469,20.6517],[-156.0473,20.6526],[-156.0454,20.6535],[-156.0467,20.6546],[-156.0463,20.6566],[-156.0473,20.6585],[-156.0465,20.6589],[-156.0455,20.658],[-156.0431,20.6576],[-156.0449,20.6581],[-156.0436,20.6582],[-156.0443,20.659],[-156.0429,20.6588],[-156.0417,20.6614],[-156.0404,20.6617],[-156.0412,20.6629],[-156.0412,20.6649],[-156.0408,20.6672],[-156.0393,20.6693],[-156.0378,20.6694],[-156.0365,20.6709],[-156.0359,20.6706],[-156.034,20.6738],[-156.0331,20.6737],[-156.0304,20.6759],[-156.03,20.6771],[-156.0274,20.6782],[-156.028,20.6793],[-156.0264,20.6805],[-156.0234,20.6811],[-156.0219,20.6803],[-156.0205,20.681],[-156.02,20.6823],[-156.0169,20.6838],[-156.0153,20.6827],[-156.0117,20.6824],[-156.0105,20.6842],[-156.0083,20.6851],[-156.0088,20.6858],[-156.007,20.6868],[-156.0074,20.6875],[-156.006,20.6875],[-156.0053,20.6892],[-156.0043,20.6893],[-156.0041,20.6912],[-156.0016,20.6926],[-156.001,20.6945],[-155.9981,20.6949],[-155.9988,20.6969],[-155.9985,20.6989],[-155.9978,20.699],[-155.9983,20.6997],[-155.9968,20.7001],[-155.9975,20.7018],[-155.9967,20.7028],[-155.994,20.7034],[-155.995,20.7042],[-155.9932,20.7043],[-155.9939,20.7065],[-155.991,20.7064],[-155.991,20.7082],[-155.9882,20.7079],[-155.9883,20.7091],[-155.9876,20.7091],[-155.9886,20.7103],[-155.988,20.7114],[-155.9885,20.7158],[-155.9875,20.7175],[-155.9881,20.7176],[-155.9879,20.7188],[-155.9869,20.7197],[-155.9845,20.7194],[-155.9845,20.7218],[-155.9839,20.7218],[-155.9845,20.7232],[-155.9837,20.7236],[-155.9841,20.726],[-155.9829,20.7264],[-155.984,20.728],[-155.9856,20.7286],[-155.986,20.7313],[-155.9859,20.7327],[-155.9847,20.7328],[-155.9835,20.7341],[-155.9841,20.7361],[-155.9831,20.7371],[-155.9834,20.7388],[-155.9827,20.7388],[-155.9823,20.7404],[-155.9837,20.7448],[-155.9827,20.7462],[-155.9833,20.7484],[-155.9826,20.7497],[-155.9834,20.7508],[-155.9825,20.7519],[-155.9811,20.752],[-155.9813,20.7532],[-155.9792,20.7532],[-155.9796,20.7553],[-155.979,20.756],[-155.9803,20.7565],[-155.9822,20.7553],[-155.9839,20.7554],[-155.9868,20.7602],[-155.9853,20.7627],[-155.9829,20.7639],[-155.9825,20.7632],[-155.9816,20.7643],[-155.9804,20.7638],[-155.9794,20.7654],[-155.9802,20.7661],[-155.9826,20.766],[-155.9841,20.767],[-155.9852,20.7712],[-155.985,20.7736],[-155.9863,20.7746],[-155.9864,20.7756],[-155.9914,20.7791],[-155.9934,20.7827],[-155.9941,20.7822],[-155.9947,20.7832],[-155.9965,20.7838],[-155.9968,20.7856],[-156.0003,20.786],[-156.0013,20.7884],[-156.0024,20.7875],[-156.0033,20.7883],[-156.0032,20.7891],[-156.0016,20.7896],[-156.002,20.7904],[-156.0012,20.7902],[-156.0001,20.7914],[-156.0007,20.7924],[-156.0028,20.7938],[-156.0055,20.7937],[-156.0086,20.7971],[-156.0113,20.7975],[-156.0124,20.7968],[-156.0141,20.797],[-156.0144,20.7977],[-156.0145,20.7972],[-156.0177,20.7984],[-156.0223,20.8017],[-156.0311,20.8051],[-156.0361,20.8056],[-156.0387,20.8071],[-156.0403,20.8051],[-156.0435,20.8052],[-156.0488,20.8086],[-156.0511,20.8066],[-156.0529,20.8069],[-156.0542,20.8085],[-156.0547,20.8072],[-156.0568,20.8073],[-156.0592,20.8094],[-156.0596,20.8111],[-156.0613,20.8112],[-156.0617,20.8123],[-156.0637,20.8123],[-156.0651,20.8163],[-156.0685,20.8173],[-156.0683,20.8187],[-156.0699,20.8182],[-156.073,20.819],[-156.0768,20.8227],[-156.0786,20.8223],[-156.0788,20.8235],[-156.08,20.8237],[-156.0815,20.8257],[-156.0833,20.8253],[-156.0848,20.828],[-156.0878,20.8288],[-156.0912,20.827],[-156.0926,20.8286],[-156.0925,20.8278],[-156.095,20.8273],[-156.0951,20.8258],[-156.0988,20.8251],[-156.1037,20.8255],[-156.1068,20.8232],[-156.1096,20.8251],[-156.1132,20.8243],[-156.1147,20.8255],[-156.1145,20.8266],[-156.1158,20.8274],[-156.1155,20.8311],[-156.1182,20.8328],[-156.1182,20.8338],[-156.1205,20.8363],[-156.1207,20.8381],[-156.1216,20.8388],[-156.1231,20.8366],[-156.1254,20.8367],[-156.126,20.84],[-156.1286,20.841],[-156.1267,20.8443],[-156.1286,20.8485],[-156.1293,20.8539],[-156.1286,20.8548],[-156.1319,20.856],[-156.1301,20.8583],[-156.1313,20.8578],[-156.1313,20.8591],[-156.1331,20.8577],[-156.1334,20.8583],[-156.1352,20.8585],[-156.1438,20.858],[-156.1443,20.8586],[-156.143,20.8618],[-156.1437,20.8626],[-156.1427,20.8633],[-156.1436,20.8634],[-156.1438,20.865],[-156.1449,20.8646],[-156.1461,20.8659],[-156.1481,20.8637],[-156.1484,20.8614],[-156.1523,20.8597],[-156.1568,20.8587],[-156.1581,20.8597],[-156.1582,20.8622],[-156.1584,20.8616],[-156.1605,20.8622],[-156.1613,20.8633],[-156.163,20.8638],[-156.1645,20.8611],[-156.1667,20.8608],[-156.1671,20.8601],[-156.1667,20.8683],[-156.168,20.872],[-156.1721,20.8745],[-156.1745,20.8734],[-156.1757,20.8765],[-156.1822,20.8801],[-156.1867,20.8849],[-156.1913,20.8878],[-156.1929,20.8903],[-156.1918,20.8917],[-156.196,20.8887],[-156.1939,20.8932],[-156.1942,20.8946],[-156.1956,20.8933],[-156.1957,20.8943],[-156.1983,20.8949],[-156.1996,20.8968],[-156.2047,20.8989],[-156.2053,20.9007],[-156.2083,20.9026],[-156.2113,20.9027],[-156.2125,20.9036],[-156.212,20.905],[-156.2138,20.9043],[-156.2148,20.9062],[-156.2136,20.9075],[-156.2145,20.9093],[-156.2147,20.9136],[-156.217,20.9139],[-156.2173,20.915],[-156.2197,20.9153],[-156.2223,20.9148],[-156.223,20.9155],[-156.2239,20.9135],[-156.226,20.9139],[-156.2261,20.915],[-156.2272,20.9147],[-156.2278,20.9156],[-156.2274,20.9175],[-156.2259,20.9209],[-156.2271,20.921],[-156.228,20.9247],[-156.2283,20.9272],[-156.2274,20.9286],[-156.2281,20.929],[-156.2283,20.9278],[-156.2295,20.9277],[-156.231,20.9288],[-156.2322,20.9277],[-156.2331,20.9291],[-156.2333,20.9285],[-156.2347,20.9289],[-156.2348,20.9303],[-156.2357,20.9298],[-156.236,20.9319],[-156.2392,20.9303],[-156.2403,20.9312],[-156.2391,20.9334],[-156.2392,20.9353],[-156.2399,20.9347],[-156.241,20.9356],[-156.2418,20.935],[-156.2443,20.9352],[-156.2477,20.9366],[-156.248,20.9377],[-156.2505,20.9362],[-156.2525,20.9372],[-156.2525,20.938],[-156.254,20.9335],[-156.2564,20.9328],[-156.2563,20.9338],[-156.2579,20.9358],[-156.2587,20.9366],[-156.2598,20.9364],[-156.2603,20.9379],[-156.2609,20.9375],[-156.2625,20.9396],[-156.2633,20.938],[-156.2655,20.9379],[-156.2673,20.9354],[-156.2723,20.9342],[-156.2743,20.935],[-156.2768,20.9403],[-156.2819,20.9456],[-156.2914,20.9427],[-156.293,20.9415],[-156.2962,20.943],[-156.2986,20.941],[-156.3024,20.9411],[-156.3047,20.9393],[-156.3112,20.9418],[-156.3149,20.9451],[-156.3154,20.9444],[-156.3158,20.945],[-156.3161,20.9442],[-156.3172,20.9446],[-156.3175,20.9425],[-156.3186,20.9423],[-156.3194,20.9432],[-156.319,20.9445],[-156.3195,20.944],[-156.3197,20.9453],[-156.3217,20.9473],[-156.321,20.9463],[-156.3227,20.9465],[-156.3225,20.9455],[-156.3254,20.9433],[-156.3271,20.9444],[-156.3288,20.9441],[-156.3292,20.9452],[-156.3305,20.9427],[-156.3319,20.9423],[-156.3333,20.943],[-156.3344,20.9399],[-156.337,20.9386],[-156.3395,20.9385],[-156.3395,20.9355],[-156.3428,20.9384],[-156.3469,20.9378],[-156.3498,20.9387],[-156.3505,20.9366],[-156.3521,20.9358],[-156.3554,20.9363],[-156.3565,20.934],[-156.3606,20.9333],[-156.3618,20.9319],[-156.366,20.9298],[-156.3675,20.9294],[-156.3686,20.93],[-156.3703,20.9292],[-156.3698,20.9261],[-156.3711,20.9254],[-156.3713,20.9239],[-156.3733,20.9227],[-156.376,20.923],[-156.3779,20.9219],[-156.3782,20.9201],[-156.3797,20.9195],[-156.3807,20.92],[-156.3813,20.9175],[-156.3837,20.916],[-156.3925,20.9155],[-156.3972,20.9131],[-156.4045,20.9131],[-156.4089,20.91],[-156.4109,20.9097],[-156.4125,20.9081],[-156.4144,20.9087],[-156.4166,20.9079],[-156.4195,20.9082],[-156.4217,20.9103],[-156.4253,20.9098],[-156.4312,20.9063],[-156.434,20.9037],[-156.4372,20.9034],[-156.4384,20.9016],[-156.4414,20.9002],[-156.4467,20.8992],[-156.4484,20.8974],[-156.4515,20.8967],[-156.459,20.8975],[-156.4626,20.8972],[-156.468,20.8987],[-156.4717,20.9007],[-156.4652,20.8962],[-156.4652,20.895],[-156.4662,20.8941],[-156.4688,20.8952],[-156.4676,20.8941],[-156.4693,20.8923],[-156.4734,20.8911],[-156.4773,20.8938],[-156.4787,20.8959],[-156.4772,20.8967],[-156.4756,20.8996],[-156.4739,20.9003],[-156.4797,20.8981],[-156.4808,20.901],[-156.4812,20.9052],[-156.4836,20.9092],[-156.4854,20.9109],[-156.4869,20.9099],[-156.4888,20.9106],[-156.4915,20.9147],[-156.4913,20.9181],[-156.4922,20.9193],[-156.493,20.9248],[-156.4954,20.9279],[-156.4966,20.9312],[-156.5048,20.9346],[-156.5073,20.9368],[-156.5078,20.9398],[-156.5088,20.9409],[-156.5086,20.9479],[-156.5109,20.9488],[-156.512,20.9503],[-156.5159,20.9516],[-156.5159,20.9524],[-156.5146,20.953],[-156.5161,20.9533],[-156.5156,20.955],[-156.5173,20.9551],[-156.5174,20.9571],[-156.5197,20.9583],[-156.5194,20.9604],[-156.5255,20.9647],[-156.5251,20.9666],[-156.5269,20.9715],[-156.5257,20.9726],[-156.5265,20.9728],[-156.527,20.9752],[-156.526,20.9776],[-156.5246,20.9776],[-156.5241,20.9786],[-156.5272,20.9802],[-156.5251,20.9811],[-156.5253,20.9816],[-156.5264,20.9811],[-156.5268,20.9818],[-156.5267,20.9841],[-156.5258,20.9852],[-156.5274,20.9857],[-156.5295,20.9845],[-156.532,20.9845],[-156.5357,20.9848],[-156.5362,20.9863],[-156.5372,20.9858],[-156.5374,20.989],[-156.5395,20.9893],[-156.5403,20.9905],[-156.5398,20.992],[-156.5411,20.9921],[-156.5425,20.9955],[-156.5423,20.9987],[-156.5437,20.9993],[-156.5441,21.0008],[-156.5435,21.0019],[-156.5462,21.0022],[-156.5494,20.998],[-156.5509,20.998],[-156.5524,20.9992],[-156.5548,21.0045],[-156.5543,21.0051],[-156.5556,21.0059],[-156.5546,21.0083],[-156.5558,21.0089],[-156.5559,21.0102],[-156.5576,21.0102],[-156.5575,21.0119],[-156.5585,21.0113],[-156.5601,21.013],[-156.562,21.0118],[-156.5664,21.012],[-156.569,21.0158],[-156.5721,21.018],[-156.5768,21.0176],[-156.5796,21.0165],[-156.582,21.0174],[-156.5854,21.0206],[-156.5844,21.0217],[-156.5877,21.0228],[-156.5888,21.0253],[-156.5881,21.0268],[-156.5886,21.0308],[-156.5893,21.0296],[-156.5913,21.0295],[-156.5917,21.0289],[-156.5933,21.0295],[-156.5932,21.0308],[-156.594,21.0302],[-156.6033,21.0312],[-156.6045,21.0301],[-156.6044,21.0281],[-156.6056,21.0278],[-156.6092,21.024],[-156.609,21.0216],[-156.6097,21.0212],[-156.6166,21.0248],[-156.6205,21.0237],[-156.6212,21.0226],[-156.627,21.0225]]]},"properties":{"st_area(shape)":1887674727.2285535,"st_perimeter(shape)":309213.83374556113,"objectid":9,"water":0,"sqmi":728.83199999999999,"isle":"Maui","totsqmi":728.83199999999999}},{"type":"Feature","id":10,"geometry":{"type":"Polygon","coordinates":[[[-156.9881,20.9292],[-156.9939,20.9277],[-156.9968,20.9284],[-157.001,20.928],[-157.0034,20.9265],[-157.0087,20.9265],[-157.0109,20.9257],[-157.0172,20.9266],[-157.0235,20.9261],[-157.0349,20.9229],[-157.0397,20.9194],[-157.041,20.9193],[-157.0425,20.9175],[-157.0441,20.9175],[-157.0489,20.9135],[-157.0517,20.9139],[-157.053,20.9119],[-157.0569,20.9103],[-157.0577,20.9068],[-157.0591,20.9051],[-157.0582,20.9037],[-157.0605,20.9011],[-157.0588,20.9],[-157.0599,20.8992],[-157.0592,20.8975],[-157.0606,20.8964],[-157.0602,20.8924],[-157.0622,20.8911],[-157.0618,20.8895],[-157.0599,20.8889],[-157.0577,20.884],[-157.0568,20.8837],[-157.0574,20.8816],[-157.0567,20.8802],[-157.0531,20.8786],[-157.0526,20.8772],[-157.0536,20.8762],[-157.0523,20.8746],[-157.0526,20.873],[-157.05,20.8716],[-157.0501,20.8698],[-157.0492,20.8705],[-157.0458,20.8702],[-157.0436,20.8688],[-157.0427,20.8669],[-157.0396,20.8673],[-157.0377,20.8662],[-157.037,20.8648],[-157.0373,20.8627],[-157.0365,20.8638],[-157.035,20.8619],[-157.0335,20.862],[-157.0325,20.8634],[-157.0307,20.8631],[-157.0256,20.8601],[-157.0211,20.8589],[-157.015,20.8556],[-157.0137,20.8543],[-157.014,20.853],[-157.0119,20.8536],[-157.009,20.8518],[-157.0062,20.8487],[-157.0067,20.847],[-157.0048,20.8472],[-157.0037,20.8464],[-157.0016,20.842],[-156.9977,20.837],[-156.9954,20.8314],[-156.9929,20.8297],[-156.9916,20.826],[-156.9899,20.8248],[-156.9902,20.824],[-156.9891,20.8238],[-156.9891,20.8217],[-156.9874,20.8191],[-156.9884,20.818],[-156.9874,20.8173],[-156.9879,20.8143],[-156.9871,20.8139],[-156.9879,20.8133],[-156.9862,20.8126],[-156.9865,20.8113],[-156.9877,20.8107],[-156.9865,20.8079],[-156.9882,20.807],[-156.9883,20.8052],[-156.9872,20.8039],[-156.9877,20.8027],[-156.9903,20.8009],[-156.9899,20.7991],[-156.9876,20.7965],[-156.9905,20.7956],[-156.9896,20.7948],[-156.9905,20.7935],[-156.9886,20.792],[-156.99,20.7912],[-156.9894,20.7905],[-156.9899,20.7881],[-156.9918,20.7879],[-156.9924,20.7865],[-156.9922,20.7856],[-156.9921,20.7864],[-156.9904,20.7867],[-156.9892,20.7852],[-156.9902,20.7838],[-156.992,20.7836],[-156.9918,20.7825],[-156.9909,20.7825],[-156.9914,20.7801],[-156.9904,20.7803],[-156.9887,20.7787],[-156.988,20.7729],[-156.9858,20.7681],[-156.9818,20.7535],[-156.9776,20.7492],[-156.977,20.7477],[-156.9737,20.7467],[-156.9701,20.7417],[-156.9681,20.7404],[-156.9675,20.7374],[-156.9654,20.736],[-156.9662,20.7334],[-156.965,20.7339],[-156.965,20.7319],[-156.9613,20.7321],[-156.9594,20.7335],[-156.9579,20.7331],[-156.956,20.7347],[-156.9554,20.7338],[-156.9541,20.7337],[-156.953,20.7346],[-156.9516,20.734],[-156.9507,20.7352],[-156.9498,20.7347],[-156.948,20.7356],[-156.9468,20.7349],[-156.946,20.7365],[-156.9451,20.7352],[-156.9437,20.7359],[-156.9427,20.735],[-156.9416,20.7359],[-156.9401,20.7352],[-156.9391,20.7362],[-156.9382,20.7354],[-156.9371,20.7364],[-156.9369,20.7354],[-156.9343,20.7342],[-156.931,20.7363],[-156.9281,20.7349],[-156.9273,20.7367],[-156.9254,20.7347],[-156.9247,20.7357],[-156.9231,20.7353],[-156.9228,20.7365],[-156.9209,20.7358],[-156.918,20.7381],[-156.9167,20.7373],[-156.9138,20.7376],[-156.9129,20.7368],[-156.9116,20.7372],[-156.9113,20.736],[-156.9095,20.7377],[-156.9072,20.7358],[-156.9019,20.7374],[-156.9,20.7399],[-156.8985,20.7404],[-156.8975,20.7395],[-156.8965,20.7401],[-156.8937,20.7391],[-156.8929,20.7347],[-156.892,20.7356],[-156.8903,20.7351],[-156.8899,20.7374],[-156.8867,20.7386],[-156.8864,20.7401],[-156.8876,20.7417],[-156.8868,20.7425],[-156.8881,20.7415],[-156.8886,20.742],[-156.8877,20.7431],[-156.8846,20.7442],[-156.8797,20.7418],[-156.8779,20.743],[-156.8769,20.7427],[-156.8737,20.7464],[-156.8714,20.7468],[-156.8667,20.7516],[-156.8635,20.7521],[-156.8629,20.7533],[-156.8611,20.7537],[-156.8589,20.7537],[-156.8568,20.7554],[-156.8553,20.7552],[-156.8524,20.758],[-156.849,20.757],[-156.845,20.7575],[-156.8436,20.757],[-156.8351,20.7616],[-156.8338,20.7646],[-156.8307,20.7667],[-156.8292,20.7691],[-156.8267,20.7754],[-156.8203,20.7853],[-156.8143,20.7914],[-156.811,20.7972],[-156.8097,20.8013],[-156.8063,20.8063],[-156.8053,20.8172],[-156.8062,20.8228],[-156.8101,20.8289],[-156.8145,20.8334],[-156.8217,20.8473],[-156.8277,20.8533],[-156.8291,20.8564],[-156.8506,20.8757],[-156.8552,20.8783],[-156.8577,20.8823],[-156.8619,20.8853],[-156.8667,20.8909],[-156.8688,20.8915],[-156.8715,20.8939],[-156.8729,20.8939],[-156.8796,20.9011],[-156.8808,20.9035],[-156.8855,20.9053],[-156.8937,20.912],[-156.8975,20.9125],[-156.9005,20.915],[-156.9142,20.919],[-156.915,20.9199],[-156.9225,20.9199],[-156.9308,20.9221],[-156.9349,20.9222],[-156.9378,20.9236],[-156.9424,20.9223],[-156.9495,20.9225],[-156.9528,20.9236],[-156.9577,20.923],[-156.9672,20.9238],[-156.9691,20.9232],[-156.9741,20.9245],[-156.9777,20.9265],[-156.9881,20.9292]]]},"properties":{"st_area(shape)":365402133.01176989,"st_perimeter(shape)":93216.91888321258,"objectid":10,"water":0,"sqmi":141.08199999999999,"isle":"Lanai","totsqmi":141.08199999999999}},{"type":"Feature","id":11,"geometry":{"type":"Polygon","coordinates":[[[-156.4989,20.6321],[-156.4978,20.6304],[-156.4959,20.6302],[-156.4934,20.6315],[-156.4931,20.6331],[-156.4939,20.6337],[-156.4944,20.6319],[-156.4957,20.631],[-156.4973,20.6312],[-156.4986,20.633],[-156.4989,20.6321]]]},"properties":{"st_area(shape)":79829.504911835626,"st_perimeter(shape)":1977.2108100473495,"objectid":11,"water":0,"sqmi":0.030822200000000001,"isle":"kahoolawe","totsqmi":44.637099999999997}},{"type":"Feature","id":12,"geometry":{"type":"Polygon","coordinates":[[[-156.5722,20.6031],[-156.574,20.6039],[-156.5766,20.6036],[-156.5772,20.6028],[-156.5803,20.6029],[-156.5846,20.6004],[-156.588,20.6002],[-156.5897,20.5981],[-156.5911,20.5986],[-156.5941,20.5963],[-156.5951,20.5961],[-156.5955,20.5969],[-156.5959,20.5961],[-156.5983,20.5956],[-156.6007,20.5928],[-156.6048,20.592],[-156.6044,20.5901],[-156.6056,20.5891],[-156.6093,20.5904],[-156.609,20.5881],[-156.6117,20.5882],[-156.6108,20.586],[-156.6119,20.5855],[-156.6119,20.5846],[-156.6236,20.5796],[-156.6245,20.5776],[-156.6263,20.5775],[-156.6308,20.5727],[-156.6323,20.5726],[-156.633,20.5713],[-156.6344,20.5706],[-156.6358,20.5715],[-156.6364,20.5696],[-156.6378,20.5698],[-156.6376,20.5688],[-156.639,20.5688],[-156.6402,20.5665],[-156.6416,20.5672],[-156.6432,20.5664],[-156.6437,20.5644],[-156.6466,20.563],[-156.6471,20.5617],[-156.6505,20.5624],[-156.657,20.5601],[-156.6594,20.5614],[-156.6597,20.5596],[-156.6607,20.5587],[-156.6626,20.5588],[-156.6635,20.5576],[-156.666,20.5581],[-156.67,20.5563],[-156.6728,20.5566],[-156.6735,20.5558],[-156.6763,20.5557],[-156.6778,20.5545],[-156.6761,20.5518],[-156.6786,20.5518],[-156.6791,20.5495],[-156.6805,20.5495],[-156.6815,20.5479],[-156.6845,20.547],[-156.6872,20.5445],[-156.6868,20.5426],[-156.6878,20.5428],[-156.6891,20.5411],[-156.6937,20.5386],[-156.6958,20.5344],[-156.6984,20.5333],[-156.6986,20.5305],[-156.7003,20.5292],[-156.6995,20.5262],[-156.7007,20.5239],[-156.6987,20.5235],[-156.698,20.5223],[-156.6958,20.5225],[-156.6951,20.5209],[-156.6941,20.5205],[-156.6945,20.5194],[-156.6919,20.5186],[-156.6915,20.5177],[-156.6903,20.5179],[-156.6849,20.5159],[-156.6818,20.5121],[-156.6839,20.5087],[-156.681,20.5067],[-156.6814,20.505],[-156.6792,20.5037],[-156.6765,20.5042],[-156.6741,20.5031],[-156.6732,20.5025],[-156.6731,20.501],[-156.6696,20.5039],[-156.6685,20.5039],[-156.6661,20.5009],[-156.6645,20.5024],[-156.6635,20.5014],[-156.663,20.5026],[-156.6621,20.5027],[-156.6629,20.5036],[-156.6612,20.5046],[-156.6578,20.5045],[-156.6564,20.5053],[-156.6557,20.5072],[-156.6545,20.5076],[-156.6527,20.5105],[-156.651,20.5111],[-156.6488,20.5144],[-156.6465,20.5158],[-156.6455,20.5124],[-156.644,20.5124],[-156.6446,20.5081],[-156.6404,20.505],[-156.6388,20.5064],[-156.6298,20.5104],[-156.6289,20.5115],[-156.6245,20.5133],[-156.6238,20.5123],[-156.6226,20.5126],[-156.6215,20.5143],[-156.6157,20.515],[-156.6136,20.5168],[-156.613,20.5159],[-156.6102,20.5166],[-156.6084,20.5135],[-156.6054,20.5144],[-156.6052,20.5131],[-156.604,20.5131],[-156.6045,20.5147],[-156.6031,20.5159],[-156.5992,20.524],[-156.5958,20.5219],[-156.5959,20.5191],[-156.5937,20.517],[-156.5913,20.5117],[-156.5858,20.5078],[-156.5836,20.5081],[-156.5838,20.5093],[-156.5788,20.5113],[-156.5739,20.5112],[-156.5726,20.5143],[-156.5687,20.5152],[-156.5677,20.5161],[-156.5631,20.515],[-156.5594,20.5153],[-156.5576,20.5184],[-156.5528,20.5174],[-156.5495,20.5154],[-156.5476,20.5121],[-156.5446,20.5119],[-156.5444,20.5134],[-156.5427,20.5138],[-156.5431,20.515],[-156.5411,20.5154],[-156.5408,20.5162],[-156.5415,20.5187],[-156.5412,20.5202],[-156.5387,20.5223],[-156.5343,20.5242],[-156.5342,20.5252],[-156.5331,20.5253],[-156.5326,20.5263],[-156.5317,20.5283],[-156.5333,20.5316],[-156.5335,20.5345],[-156.5401,20.5342],[-156.5409,20.5349],[-156.5409,20.5361],[-156.5438,20.5371],[-156.5513,20.5335],[-156.5541,20.5358],[-156.5543,20.5395],[-156.5519,20.5437],[-156.5532,20.545],[-156.553,20.5466],[-156.5495,20.551],[-156.5476,20.5518],[-156.5484,20.5526],[-156.5483,20.5564],[-156.5465,20.5595],[-156.5481,20.5619],[-156.5479,20.5653],[-156.5462,20.5651],[-156.5468,20.5659],[-156.5455,20.5665],[-156.5425,20.5666],[-156.5417,20.5675],[-156.5403,20.5674],[-156.5401,20.5682],[-156.5381,20.5682],[-156.5372,20.5692],[-156.5392,20.5696],[-156.5387,20.5729],[-156.5397,20.5738],[-156.539,20.5763],[-156.5448,20.5833],[-156.5464,20.5842],[-156.5467,20.5854],[-156.5503,20.5875],[-156.5497,20.5893],[-156.551,20.5922],[-156.553,20.5926],[-156.5544,20.5948],[-156.5623,20.5986],[-156.5658,20.6025],[-156.5722,20.6031]]]},"properties":{"st_area(shape)":115530372.10807644,"st_perimeter(shape)":69408.82076520058,"objectid":12,"water":0,"sqmi":44.606299999999997,"isle":"kahoolawe","totsqmi":44.637099999999997}},{"type":"Feature","id":13,"geometry":{"type":"Polygon","coordinates":[[[-155.8105,20.2568],[-155.8122,20.2588],[-155.8135,20.258],[-155.8146,20.2579],[-155.8148,20.2589],[-155.8167,20.2583],[-155.8183,20.2602],[-155.8229,20.2593],[-155.826,20.26],[-155.8293,20.2625],[-155.83,20.2653],[-155.8314,20.2639],[-155.8334,20.2646],[-155.8355,20.2664],[-155.8357,20.2676],[-155.8475,20.2655],[-155.8491,20.2665],[-155.8497,20.2682],[-155.8521,20.2677],[-155.8538,20.2684],[-155.855,20.2673],[-155.8579,20.2672],[-155.8607,20.2659],[-155.8661,20.2664],[-155.8671,20.2653],[-155.8713,20.2646],[-155.8729,20.2629],[-155.8798,20.2598],[-155.8801,20.2585],[-155.8851,20.2547],[-155.8855,20.2529],[-155.888,20.2519],[-155.8893,20.2471],[-155.8887,20.2454],[-155.8891,20.2439],[-155.8905,20.2422],[-155.8928,20.2415],[-155.8936,20.2377],[-155.8964,20.2368],[-155.8965,20.2348],[-155.8973,20.2346],[-155.8983,20.2315],[-155.8996,20.2301],[-155.8992,20.2275],[-155.8984,20.2273],[-155.8992,20.2254],[-155.8988,20.2242],[-155.9011,20.2203],[-155.9004,20.2186],[-155.9032,20.2128],[-155.9017,20.2112],[-155.9013,20.2077],[-155.902,20.2031],[-155.903,20.2024],[-155.9028,20.1991],[-155.9042,20.1975],[-155.9044,20.1956],[-155.9018,20.1888],[-155.9032,20.1882],[-155.9035,20.1871],[-155.9024,20.1867],[-155.9016,20.1845],[-155.9004,20.1838],[-155.9017,20.1825],[-155.9022,20.1803],[-155.9009,20.179],[-155.8998,20.1739],[-155.901,20.1734],[-155.9016,20.1717],[-155.8998,20.1695],[-155.8995,20.1664],[-155.9004,20.1639],[-155.8989,20.1622],[-155.8974,20.1529],[-155.8952,20.1508],[-155.8953,20.1473],[-155.8965,20.1458],[-155.8957,20.1449],[-155.896,20.1427],[-155.8948,20.1404],[-155.8929,20.1389],[-155.8931,20.1355],[-155.8911,20.1316],[-155.8922,20.1295],[-155.8911,20.128],[-155.8914,20.1241],[-155.8867,20.1198],[-155.8873,20.1176],[-155.8852,20.1171],[-155.8844,20.1161],[-155.8848,20.115],[-155.8837,20.1145],[-155.8852,20.1127],[-155.8829,20.1131],[-155.8838,20.1115],[-155.8827,20.1117],[-155.8821,20.1107],[-155.8831,20.11],[-155.8824,20.1093],[-155.8836,20.1071],[-155.8836,20.1054],[-155.8816,20.1048],[-155.8813,20.1035],[-155.8793,20.1033],[-155.8792,20.1011],[-155.8774,20.0987],[-155.8779,20.0981],[-155.8764,20.0951],[-155.875,20.0948],[-155.8751,20.0931],[-155.8742,20.093],[-155.8747,20.0914],[-155.872,20.0894],[-155.8724,20.0887],[-155.8711,20.0875],[-155.8716,20.0865],[-155.8708,20.0854],[-155.8675,20.0838],[-155.8681,20.0831],[-155.8675,20.0815],[-155.8654,20.0803],[-155.8647,20.0761],[-155.8621,20.0745],[-155.8595,20.0744],[-155.8579,20.0713],[-155.856,20.0699],[-155.8557,20.0678],[-155.8542,20.0658],[-155.8519,20.0644],[-155.8523,20.0635],[-155.8501,20.0614],[-155.8494,20.0616],[-155.8494,20.0608],[-155.8482,20.0608],[-155.8476,20.0594],[-155.8441,20.0566],[-155.8432,20.0544],[-155.8445,20.0535],[-155.8435,20.0532],[-155.8436,20.0523],[-155.839,20.05],[-155.8383,20.0489],[-155.8387,20.0479],[-155.8366,20.0442],[-155.833,20.0412],[-155.832,20.0386],[-155.8317,20.0395],[-155.8311,20.0391],[-155.8317,20.0385],[-155.8301,20.0374],[-155.829,20.038],[-155.8273,20.0372],[-155.829,20.0379],[-155.8298,20.0373],[-155.8253,20.0321],[-155.8261,20.032],[-155.8267,20.0329],[-155.8308,20.0312],[-155.8337,20.0346],[-155.834,20.0374],[-155.8338,20.0345],[-155.8288,20.0288],[-155.8254,20.0274],[-155.8233,20.0287],[-155.8235,20.0248],[-155.8224,20.0231],[-155.8234,20.0193],[-155.8227,20.0183],[-155.8235,20.0159],[-155.8253,20.0157],[-155.8249,20.0126],[-155.826,20.0113],[-155.8251,20.0103],[-155.827,20.0078],[-155.8268,20.0065],[-155.8251,20.0058],[-155.825,20.0038],[-155.8271,20.0028],[-155.8282,19.9998],[-155.8275,19.9984],[-155.8284,19.9977],[-155.826,19.9938],[-155.827,19.9897],[-155.8279,19.9884],[-155.8301,19.988],[-155.8299,19.987],[-155.8313,19.9852],[-155.8285,19.9824],[-155.8294,19.9793],[-155.8303,19.9786],[-155.8313,19.9793],[-155.831,19.9777],[-155.8325,19.9773],[-155.8312,19.9757],[-155.8315,19.9741],[-155.8324,19.9739],[-155.8325,19.973],[-155.8333,19.9735],[-155.8352,19.9724],[-155.8383,19.9736],[-155.8423,19.9717],[-155.8433,19.9699],[-155.8458,19.9684],[-155.8497,19.9682],[-155.8542,19.9658],[-155.8561,19.9626],[-155.8585,19.9605],[-155.8586,19.9575],[-155.8615,19.9551],[-155.8621,19.9528],[-155.8615,19.9516],[-155.8638,19.9515],[-155.8682,19.9471],[-155.868,19.9457],[-155.8701,19.9443],[-155.8695,19.9436],[-155.8725,19.9424],[-155.8741,19.9442],[-155.876,19.9426],[-155.877,19.9432],[-155.877,19.9422],[-155.878,19.9428],[-155.8773,19.9419],[-155.8781,19.9422],[-155.8786,19.9406],[-155.8769,19.9399],[-155.8768,19.9392],[-155.8775,19.939],[-155.8779,19.9338],[-155.8806,19.9336],[-155.8809,19.9344],[-155.8849,19.9338],[-155.8849,19.933],[-155.8873,19.9323],[-155.8882,19.9296],[-155.8898,19.9291],[-155.8887,19.9272],[-155.8867,19.9266],[-155.8886,19.9266],[-155.8908,19.9254],[-155.8918,19.9238],[-155.8909,19.9218],[-155.8914,19.92],[-155.8901,19.9177],[-155.8877,19.9165],[-155.8878,19.914],[-155.8911,19.9117],[-155.8949,19.9111],[-155.8949,19.9101],[-155.8967,19.9093],[-155.899,19.9093],[-155.9005,19.9059],[-155.9016,19.9052],[-155.9011,19.9039],[-155.902,19.9021],[-155.9011,19.9004],[-155.9046,19.8994],[-155.9051,19.8977],[-155.9072,19.8971],[-155.9068,19.8956],[-155.9045,19.8939],[-155.9062,19.8919],[-155.9054,19.8897],[-155.9059,19.8882],[-155.9077,19.8859],[-155.9106,19.8857],[-155.9127,19.8842],[-155.9127,19.8816],[-155.9153,19.8786],[-155.9151,19.8759],[-155.917,19.8749],[-155.9189,19.875],[-155.9223,19.8723],[-155.9236,19.87],[-155.924,19.8651],[-155.9226,19.862],[-155.922,19.8575],[-155.9211,19.8579],[-155.9223,19.8604],[-155.9206,19.8583],[-155.9212,19.8553],[-155.9236,19.8559],[-155.9288,19.8522],[-155.931,19.8523],[-155.9374,19.8494],[-155.9423,19.8503],[-155.9465,19.854],[-155.9478,19.8527],[-155.9491,19.8532],[-155.9519,19.8523],[-155.9584,19.8531],[-155.9652,19.8513],[-155.9683,19.8493],[-155.9723,19.8485],[-155.9755,19.8456],[-155.9771,19.8453],[-155.978,19.8435],[-155.9801,19.8428],[-155.981,19.8387],[-155.9824,19.8372],[-155.9859,19.8349],[-155.9867,19.8352],[-155.986,19.832],[-155.9865,19.8312],[-155.9912,19.8299],[-155.9976,19.8257],[-155.9979,19.8232],[-155.9969,19.822],[-155.9982,19.8192],[-155.9996,19.8184],[-156.0013,19.8193],[-156.0012,19.8151],[-156.0028,19.8142],[-156.0056,19.8145],[-156.0071,19.8125],[-156.0071,19.8101],[-156.0084,19.8096],[-156.0092,19.8081],[-156.0132,19.8066],[-156.014,19.8052],[-156.0136,19.8037],[-156.015,19.8019],[-156.0173,19.8017],[-156.0217,19.7959],[-156.0227,19.7965],[-156.0258,19.7955],[-156.0262,19.7929],[-156.0278,19.7925],[-156.0291,19.7909],[-156.0338,19.7906],[-156.036,19.7885],[-156.0383,19.788],[-156.0389,19.787],[-156.0372,19.7847],[-156.0369,19.7825],[-156.0384,19.7812],[-156.0401,19.7822],[-156.0422,19.7814],[-156.0456,19.7791],[-156.0457,19.7779],[-156.0471,19.7774],[-156.0466,19.7755],[-156.0472,19.7742],[-156.0502,19.7726],[-156.0492,19.7707],[-156.0496,19.7693],[-156.0488,19.7679],[-156.0494,19.767],[-156.0486,19.7655],[-156.0507,19.7618],[-156.0491,19.7594],[-156.0493,19.7539],[-156.0508,19.7502],[-156.0544,19.7478],[-156.055,19.7464],[-156.0539,19.7427],[-156.0544,19.7392],[-156.053,19.7359],[-156.0567,19.732],[-156.0597,19.731],[-156.0617,19.7276],[-156.0601,19.7267],[-156.0565,19.7209],[-156.0514,19.7176],[-156.0507,19.7159],[-156.0496,19.7155],[-156.0491,19.7131],[-156.0496,19.7121],[-156.0481,19.7067],[-156.0491,19.7005],[-156.0451,19.6953],[-156.0452,19.6932],[-156.0439,19.6921],[-156.0404,19.6922],[-156.0392,19.6907],[-156.0375,19.6911],[-156.0354,19.688],[-156.0336,19.6874],[-156.0347,19.6833],[-156.0324,19.6801],[-156.0266,19.6758],[-156.0259,19.6715],[-156.0268,19.6716],[-156.0267,19.6707],[-156.0274,19.6713],[-156.0279,19.6699],[-156.0211,19.6692],[-156.0215,19.6683],[-156.0245,19.6683],[-156.0247,19.6691],[-156.0263,19.6682],[-156.0267,19.6693],[-156.0276,19.6673],[-156.0301,19.6668],[-156.0311,19.6653],[-156.0313,19.6589],[-156.0324,19.6581],[-156.0323,19.6564],[-156.033,19.6562],[-156.0313,19.6555],[-156.0313,19.6529],[-156.0301,19.6508],[-156.028,19.6482],[-156.0259,19.6471],[-156.0214,19.6483],[-156.0187,19.6473],[-156.0166,19.6475],[-156.0142,19.645],[-156.0059,19.6402],[-156.0052,19.6388],[-156.0017,19.6378],[-156.0013,19.637],[-155.9979,19.638],[-155.9984,19.6386],[-155.9971,19.6388],[-155.9974,19.6394],[-155.9967,19.6385],[-155.9967,19.6398],[-155.9948,19.6397],[-155.9938,19.6368],[-155.9903,19.6349],[-155.9899,19.6339],[-155.9912,19.6317],[-155.9882,19.6284],[-155.9874,19.6248],[-155.9858,19.6239],[-155.9871,19.6208],[-155.9863,19.6172],[-155.9826,19.6142],[-155.9824,19.6117],[-155.9809,19.6115],[-155.9745,19.6038],[-155.9746,19.6027],[-155.9764,19.6017],[-155.9764,19.5997],[-155.9743,19.5985],[-155.9717,19.5945],[-155.9712,19.5924],[-155.9722,19.591],[-155.9717,19.5906],[-155.9719,19.5879],[-155.9665,19.5805],[-155.9689,19.5779],[-155.9673,19.5714],[-155.9682,19.5681],[-155.9666,19.5643],[-155.9646,19.5641],[-155.9651,19.5625],[-155.9621,19.5621],[-155.966,19.5596],[-155.9669,19.5532],[-155.9656,19.5516],[-155.9623,19.5515],[-155.9592,19.5482],[-155.9608,19.5468],[-155.9579,19.5437],[-155.9593,19.5409],[-155.9572,19.5373],[-155.9574,19.5353],[-155.9557,19.5322],[-155.9562,19.5302],[-155.9572,19.5296],[-155.9559,19.5251],[-155.9563,19.5235],[-155.9574,19.5217],[-155.9605,19.5195],[-155.9597,19.514],[-155.9564,19.5123],[-155.9529,19.5075],[-155.951,19.5068],[-155.9521,19.5041],[-155.9511,19.5037],[-155.9513,19.5025],[-155.9504,19.5017],[-155.9501,19.4976],[-155.9479,19.4961],[-155.9507,19.487],[-155.9487,19.4838],[-155.9466,19.4837],[-155.9465,19.4832],[-155.9425,19.4839],[-155.9411,19.4827],[-155.9406,19.483],[-155.9404,19.4818],[-155.9368,19.4788],[-155.9339,19.4787],[-155.9333,19.4822],[-155.9311,19.4825],[-155.9277,19.4819],[-155.9214,19.4786],[-155.9199,19.4766],[-155.9198,19.4742],[-155.9187,19.4723],[-155.9209,19.471],[-155.9224,19.4712],[-155.9227,19.47],[-155.9212,19.4694],[-155.9222,19.4684],[-155.9216,19.4679],[-155.9228,19.466],[-155.9224,19.4652],[-155.9245,19.463],[-155.9255,19.4603],[-155.9278,19.46],[-155.9273,19.4595],[-155.9283,19.459],[-155.9263,19.4574],[-155.9243,19.4572],[-155.9219,19.4533],[-155.9214,19.4506],[-155.9226,19.4487],[-155.921,19.4467],[-155.9202,19.4425],[-155.9218,19.4366],[-155.9192,19.4278],[-155.918,19.4274],[-155.9172,19.4257],[-155.9119,19.4246],[-155.9118,19.4227],[-155.9109,19.4227],[-155.9113,19.4215],[-155.9137,19.4215],[-155.9144,19.4198],[-155.9128,19.4192],[-155.9127,19.4177],[-155.9113,19.4166],[-155.9069,19.415],[-155.9059,19.4127],[-155.9064,19.4123],[-155.9052,19.4114],[-155.9049,19.4102],[-155.9066,19.4077],[-155.9071,19.4042],[-155.9084,19.4034],[-155.911,19.3989],[-155.9109,19.3967],[-155.9075,19.391],[-155.902,19.3865],[-155.9014,19.3816],[-155.9005,19.3801],[-155.8971,19.379],[-155.8955,19.3765],[-155.8969,19.3736],[-155.8961,19.372],[-155.8971,19.3715],[-155.8973,19.3702],[-155.8951,19.3691],[-155.8935,19.3651],[-155.892,19.3637],[-155.8922,19.3621],[-155.8914,19.362],[-155.8905,19.3594],[-155.8912,19.3585],[-155.8903,19.3569],[-155.8908,19.3563],[-155.889,19.3538],[-155.8897,19.3525],[-155.8891,19.3524],[-155.8892,19.3508],[-155.8873,19.3485],[-155.8858,19.3447],[-155.8861,19.3405],[-155.8841,19.3328],[-155.8857,19.331],[-155.8851,19.3296],[-155.8858,19.3274],[-155.8881,19.3255],[-155.889,19.3256],[-155.8892,19.3243],[-155.8901,19.3242],[-155.8898,19.3225],[-155.8909,19.3195],[-155.8891,19.3145],[-155.8875,19.3133],[-155.8883,19.3124],[-155.8871,19.3102],[-155.8884,19.3081],[-155.8877,19.3048],[-155.8893,19.3028],[-155.8898,19.2997],[-155.8889,19.2992],[-155.8881,19.296],[-155.8886,19.2936],[-155.8895,19.2934],[-155.8896,19.2906],[-155.8886,19.2887],[-155.8913,19.285],[-155.8913,19.2807],[-155.8924,19.2793],[-155.8914,19.2786],[-155.8913,19.2772],[-155.8925,19.2739],[-155.8923,19.2718],[-155.8933,19.2715],[-155.8936,19.2685],[-155.8961,19.2619],[-155.8996,19.2567],[-155.8989,19.2561],[-155.8998,19.2556],[-155.8995,19.2508],[-155.9008,19.2481],[-155.8996,19.2441],[-155.8973,19.2401],[-155.9005,19.2341],[-155.9026,19.2262],[-155.902,19.2256],[-155.9018,19.2207],[-155.9004,19.2183],[-155.9013,19.2172],[-155.9006,19.2168],[-155.9012,19.2151],[-155.9002,19.215],[-155.8986,19.211],[-155.9065,19.2024],[-155.9054,19.1972],[-155.9069,19.1952],[-155.9056,19.1936],[-155.9063,19.1929],[-155.906,19.1918],[-155.9075,19.1906],[-155.9065,19.1898],[-155.9077,19.1886],[-155.9074,19.1874],[-155.9085,19.1871],[-155.9078,19.1865],[-155.9084,19.1855],[-155.9069,19.1849],[-155.907,19.1828],[-155.9082,19.1828],[-155.9086,19.1813],[-155.9081,19.181],[-155.9088,19.1805],[-155.9079,19.18],[-155.9086,19.1777],[-155.9079,19.1745],[-155.9094,19.1738],[-155.9092,19.1724],[-155.9077,19.1727],[-155.9068,19.1717],[-155.907,19.1685],[-155.9083,19.1689],[-155.9087,19.1681],[-155.9101,19.1681],[-155.9099,19.1675],[-155.9117,19.1664],[-155.9132,19.1614],[-155.9158,19.1586],[-155.9151,19.1574],[-155.9161,19.1553],[-155.9155,19.1552],[-155.9164,19.1546],[-155.915,19.1536],[-155.9148,19.1524],[-155.9141,19.1527],[-155.9101,19.1512],[-155.91,19.149],[-155.9116,19.1457],[-155.9103,19.1445],[-155.9113,19.1434],[-155.9109,19.1422],[-155.9149,19.1393],[-155.9141,19.137],[-155.9154,19.1367],[-155.9161,19.1349],[-155.9171,19.1353],[-155.9182,19.1342],[-155.9176,19.1318],[-155.9151,19.1298],[-155.9171,19.1287],[-155.9165,19.128],[-155.9181,19.1244],[-155.9179,19.1202],[-155.9187,19.119],[-155.9182,19.1145],[-155.9167,19.1125],[-155.9153,19.1051],[-155.9139,19.103],[-155.9132,19.1],[-155.9123,19.0995],[-155.9109,19.0966],[-155.9093,19.0881],[-155.9073,19.0844],[-155.9079,19.0832],[-155.9069,19.0799],[-155.9058,19.0781],[-155.9021,19.0789],[-155.8998,19.0776],[-155.9004,19.0734],[-155.8999,19.0724],[-155.8956,19.0701],[-155.8936,19.0665],[-155.8921,19.0656],[-155.8921,19.0635],[-155.8896,19.06],[-155.8896,19.059],[-155.8857,19.0557],[-155.8849,19.0533],[-155.8835,19.0527],[-155.8822,19.0475],[-155.881,19.0462],[-155.8818,19.041],[-155.8813,19.0363],[-155.8801,19.0358],[-155.8789,19.0338],[-155.8742,19.0336],[-155.8708,19.0311],[-155.8691,19.0312],[-155.863,19.0278],[-155.8609,19.0245],[-155.8569,19.0227],[-155.8555,19.0235],[-155.8525,19.0221],[-155.8503,19.0193],[-155.847,19.0199],[-155.8448,19.0193],[-155.8424,19.0207],[-155.8412,19.0194],[-155.8385,19.0193],[-155.8364,19.0173],[-155.8351,19.0186],[-155.8331,19.0182],[-155.8316,19.0189],[-155.8271,19.016],[-155.8221,19.0153],[-155.817,19.0121],[-155.8153,19.0125],[-155.8144,19.0119],[-155.8127,19.0128],[-155.8072,19.0102],[-155.8061,19.0112],[-155.8039,19.0112],[-155.8021,19.01],[-155.799,19.0109],[-155.7976,19.0105],[-155.795,19.0067],[-155.7953,19.0044],[-155.7935,19.0041],[-155.7938,19.0025],[-155.7927,19.0025],[-155.7896,18.9992],[-155.7825,18.9962],[-155.7812,18.9941],[-155.778,18.9923],[-155.7775,18.9908],[-155.7745,18.99],[-155.7733,18.9883],[-155.7725,18.9886],[-155.7689,18.9858],[-155.7627,18.983],[-155.761,18.9809],[-155.761,18.9788],[-155.7599,18.9776],[-155.7548,18.9766],[-155.7537,18.9753],[-155.7445,18.9721],[-155.7411,18.97],[-155.7389,18.9708],[-155.7363,18.9696],[-155.7346,18.9704],[-155.7299,18.9691],[-155.7286,18.9669],[-155.7271,18.9671],[-155.7271,18.9665],[-155.7267,18.9671],[-155.7252,18.966],[-155.7248,18.9666],[-155.7233,18.9665],[-155.7215,18.9649],[-155.7219,18.9639],[-155.7209,18.964],[-155.7195,18.9628],[-155.7192,18.961],[-155.7136,18.9596],[-155.7065,18.9536],[-155.7058,18.9505],[-155.7037,18.9484],[-155.7011,18.947],[-155.6972,18.9467],[-155.6955,18.9455],[-155.6952,18.9439],[-155.6872,18.9386],[-155.6842,18.9333],[-155.6826,18.9281],[-155.6828,18.9236],[-155.6845,18.9186],[-155.6832,18.9166],[-155.6826,18.912],[-155.6808,18.9107],[-155.6797,18.9113],[-155.6778,18.9108],[-155.6766,18.9123],[-155.673,18.9123],[-155.6725,18.9137],[-155.6689,18.9168],[-155.6681,18.9156],[-155.6676,18.9169],[-155.6644,18.9167],[-155.6633,18.9201],[-155.6616,18.9197],[-155.6599,18.9209],[-155.6581,18.9207],[-155.6555,18.9217],[-155.6544,18.923],[-155.6542,18.9249],[-155.6511,18.9258],[-155.6495,18.9272],[-155.6492,18.9289],[-155.6478,18.9294],[-155.6471,18.932],[-155.6459,18.9331],[-155.6465,18.936],[-155.6417,18.9351],[-155.6408,18.9361],[-155.638,18.9363],[-155.6354,18.9386],[-155.6322,18.9429],[-155.6318,18.9459],[-155.6306,18.9472],[-155.6273,18.9481],[-155.627,18.9512],[-155.626,18.9515],[-155.6263,18.9528],[-155.6252,18.9533],[-155.625,18.9551],[-155.6222,18.957],[-155.6228,18.962],[-155.6208,18.9637],[-155.6211,18.9658],[-155.6202,18.9664],[-155.6194,18.9689],[-155.6174,18.9701],[-155.6167,18.9687],[-155.6149,18.9685],[-155.6133,18.9706],[-155.6142,18.9722],[-155.6123,18.9726],[-155.6121,18.9686],[-155.611,18.9684],[-155.6103,18.966],[-155.6091,18.966],[-155.606,18.9689],[-155.6032,18.968],[-155.6008,18.9687],[-155.6,18.9675],[-155.5989,18.9687],[-155.5996,18.9694],[-155.5985,18.9701],[-155.5986,18.9745],[-155.5978,18.9741],[-155.5978,18.9753],[-155.597,18.9757],[-155.5956,18.975],[-155.5937,18.9773],[-155.5933,18.9803],[-155.5941,18.9811],[-155.5931,18.9845],[-155.5939,18.9881],[-155.5938,18.995],[-155.5905,18.9989],[-155.5879,19.0006],[-155.5868,19.0029],[-155.5842,19.0047],[-155.5844,19.0058],[-155.5834,19.0068],[-155.5799,19.0187],[-155.5776,19.02],[-155.5766,19.0222],[-155.5735,19.0247],[-155.5677,19.0266],[-155.5638,19.0295],[-155.554,19.0451],[-155.5532,19.0475],[-155.5538,19.0497],[-155.5517,19.0518],[-155.5522,19.0549],[-155.5536,19.0574],[-155.5526,19.0592],[-155.5537,19.0613],[-155.5528,19.0633],[-155.5533,19.0663],[-155.5526,19.0669],[-155.5541,19.0689],[-155.5533,19.0694],[-155.5541,19.0712],[-155.5531,19.0717],[-155.5538,19.0743],[-155.5534,19.0758],[-155.555,19.0767],[-155.5553,19.0793],[-155.5516,19.0822],[-155.5513,19.0842],[-155.5503,19.084],[-155.5491,19.0854],[-155.5501,19.0853],[-155.5473,19.0862],[-155.5469,19.0847],[-155.5463,19.0855],[-155.5428,19.0859],[-155.5418,19.0904],[-155.5375,19.0944],[-155.5359,19.0984],[-155.5345,19.0993],[-155.5345,19.1017],[-155.5335,19.1029],[-155.5325,19.1027],[-155.5313,19.1052],[-155.5297,19.1052],[-155.5264,19.1107],[-155.5272,19.1109],[-155.5268,19.1114],[-155.5258,19.1109],[-155.5254,19.1138],[-155.5233,19.1128],[-155.5171,19.1138],[-155.5168,19.1157],[-155.516,19.1156],[-155.5151,19.1171],[-155.5154,19.1183],[-155.5116,19.1195],[-155.5121,19.1207],[-155.5104,19.1206],[-155.5097,19.1216],[-155.5107,19.123],[-155.5093,19.1236],[-155.51,19.1244],[-155.5094,19.1251],[-155.5109,19.1274],[-155.5103,19.1285],[-155.5123,19.1293],[-155.5097,19.1298],[-155.5098,19.129],[-155.5073,19.1314],[-155.505,19.1319],[-155.5051,19.1351],[-155.5042,19.1362],[-155.5035,19.1364],[-155.5018,19.1346],[-155.5007,19.1351],[-155.5005,19.1344],[-155.4998,19.1347],[-155.4994,19.1366],[-155.498,19.1365],[-155.4975,19.1353],[-155.4968,19.1357],[-155.4968,19.1366],[-155.4958,19.137],[-155.4962,19.138],[-155.4954,19.1375],[-155.4952,19.1388],[-155.4911,19.138],[-155.4905,19.1372],[-155.4855,19.1377],[-155.4712,19.1443],[-155.4657,19.1448],[-155.4653,19.144],[-155.4627,19.1439],[-155.4499,19.149],[-155.4503,19.1498],[-155.4495,19.1498],[-155.4482,19.1518],[-155.4459,19.1524],[-155.4429,19.1581],[-155.4334,19.1643],[-155.4322,19.1664],[-155.4303,19.1669],[-155.4277,19.1699],[-155.4259,19.1743],[-155.4242,19.1765],[-155.4176,19.1806],[-155.4146,19.1848],[-155.4122,19.1845],[-155.4067,19.1874],[-155.4023,19.1871],[-155.3996,19.188],[-155.3961,19.1914],[-155.3944,19.1944],[-155.3896,19.1974],[-155.3847,19.1989],[-155.379,19.1986],[-155.3729,19.2007],[-155.3714,19.2004],[-155.3581,19.2057],[-155.3531,19.2105],[-155.3504,19.2122],[-155.3486,19.2124],[-155.3465,19.2148],[-155.3462,19.2171],[-155.3439,19.2189],[-155.3428,19.2238],[-155.3412,19.2251],[-155.3385,19.2296],[-155.3385,19.2311],[-155.3357,19.2327],[-155.3342,19.2347],[-155.3314,19.2358],[-155.3315,19.2364],[-155.3162,19.2424],[-155.3092,19.249],[-155.3012,19.2587],[-155.2937,19.2633],[-155.2875,19.2636],[-155.2845,19.2657],[-155.2791,19.2667],[-155.2763,19.266],[-155.2762,19.2652],[-155.273,19.2676],[-155.2661,19.2686],[-155.2655,19.2697],[-155.2612,19.2713],[-155.2585,19.2692],[-155.2552,19.2705],[-155.2497,19.2678],[-155.2426,19.2687],[-155.239,19.2669],[-155.2341,19.2664],[-155.2343,19.2653],[-155.2328,19.2652],[-155.2329,19.2626],[-155.2284,19.262],[-155.2255,19.2603],[-155.2224,19.2609],[-155.2198,19.2601],[-155.219,19.2591],[-155.2164,19.2597],[-155.2148,19.2585],[-155.2125,19.2584],[-155.2065,19.2562],[-155.2045,19.2577],[-155.199,19.2576],[-155.1945,19.2584],[-155.1935,19.258],[-155.1927,19.2559],[-155.1903,19.258],[-155.1889,19.261],[-155.1846,19.2633],[-155.1744,19.2641],[-155.1699,19.266],[-155.164,19.2649],[-155.1583,19.2659],[-155.1562,19.2654],[-155.1511,19.2674],[-155.1489,19.2695],[-155.1461,19.2702],[-155.144,19.2726],[-155.1408,19.274],[-155.1311,19.2731],[-155.1258,19.2757],[-155.1183,19.2805],[-155.1133,19.2857],[-155.1012,19.2932],[-155.0969,19.2954],[-155.0879,19.2979],[-155.0834,19.3015],[-155.0794,19.3061],[-155.0753,19.3079],[-155.0712,19.3119],[-155.068,19.3131],[-155.0602,19.3131],[-155.0586,19.3136],[-155.0581,19.3148],[-155.0541,19.3177],[-155.0509,19.317],[-155.0462,19.3178],[-155.0359,19.3226],[-155.0277,19.3243],[-155.0249,19.3266],[-155.0161,19.3291],[-155.0152,19.3316],[-155.0158,19.3318],[-155.0142,19.3331],[-155.0046,19.3348],[-154.9999,19.3374],[-154.9993,19.3368],[-154.9993,19.3376],[-154.9955,19.3385],[-154.9932,19.3401],[-154.99,19.3406],[-154.9871,19.3423],[-154.9861,19.3438],[-154.9831,19.3442],[-154.9783,19.3462],[-154.975,19.3488],[-154.9746,19.3508],[-154.975,19.3506],[-154.9738,19.3516],[-154.9734,19.3544],[-154.9692,19.3583],[-154.9701,19.3597],[-154.9695,19.3609],[-154.9679,19.3621],[-154.9611,19.3628],[-154.9592,19.3651],[-154.9571,19.3658],[-154.9547,19.3687],[-154.9531,19.3692],[-154.9429,19.377],[-154.9395,19.3806],[-154.9344,19.3835],[-154.9289,19.3946],[-154.9246,19.3949],[-154.9214,19.3973],[-154.9183,19.3983],[-154.9137,19.4033],[-154.9077,19.4071],[-154.9038,19.4091],[-154.8993,19.4099],[-154.8962,19.4121],[-154.8958,19.4131],[-154.8914,19.414],[-154.8884,19.4158],[-154.8887,19.4168],[-154.8876,19.4173],[-154.8876,19.4181],[-154.8871,19.4178],[-154.8865,19.4219],[-154.8853,19.4233],[-154.8829,19.4248],[-154.8786,19.4254],[-154.8753,19.4311],[-154.8656,19.4353],[-154.863,19.4387],[-154.8594,19.4407],[-154.8547,19.4455],[-154.8481,19.45],[-154.8451,19.4546],[-154.8437,19.455],[-154.8442,19.4561],[-154.8434,19.4578],[-154.8419,19.4571],[-154.8401,19.4587],[-154.8358,19.4608],[-154.8309,19.4698],[-154.8274,19.4705],[-154.8226,19.4751],[-154.8205,19.4782],[-154.8194,19.4813],[-154.8192,19.4863],[-154.8167,19.4894],[-154.8164,19.491],[-154.8176,19.4927],[-154.815,19.4954],[-154.8155,19.4964],[-154.8182,19.4959],[-154.8195,19.4978],[-154.8206,19.4981],[-154.8201,19.4991],[-154.8207,19.4995],[-154.8189,19.4992],[-154.8172,19.5019],[-154.8166,19.5015],[-154.817,19.5024],[-154.8147,19.5005],[-154.8123,19.5019],[-154.811,19.506],[-154.8113,19.5112],[-154.8107,19.5126],[-154.8082,19.5137],[-154.8069,19.5155],[-154.8068,19.5196],[-154.8094,19.5222],[-154.8102,19.5254],[-154.8119,19.5274],[-154.8241,19.5347],[-154.8331,19.5351],[-154.8361,19.5362],[-154.8409,19.5403],[-154.8425,19.5405],[-154.8439,19.5419],[-154.8473,19.5426],[-154.8499,19.5464],[-154.8522,19.5458],[-154.8563,19.5463],[-154.8565,19.547],[-154.859,19.5468],[-154.8599,19.5479],[-154.867,19.5484],[-154.8723,19.5537],[-154.8758,19.5554],[-154.8809,19.5556],[-154.8836,19.5566],[-154.8891,19.5622],[-154.8959,19.566],[-154.9039,19.5689],[-154.9093,19.5744],[-154.9117,19.5789],[-154.9169,19.5809],[-154.9189,19.5809],[-154.9215,19.5827],[-154.9255,19.589],[-154.9257,19.5904],[-154.929,19.592],[-154.93,19.5937],[-154.9313,19.5942],[-154.9311,19.5953],[-154.9355,19.5965],[-154.945,19.6023],[-154.9475,19.6065],[-154.9484,19.6108],[-154.945,19.6187],[-154.9453,19.6213],[-154.947,19.6232],[-154.9527,19.6245],[-154.9589,19.623],[-154.9606,19.6239],[-154.963,19.627],[-154.9671,19.6291],[-154.9684,19.6288],[-154.9686,19.6295],[-154.9715,19.6301],[-154.9719,19.6311],[-154.975,19.6324],[-154.9794,19.6362],[-154.9811,19.6387],[-154.9811,19.6418],[-154.9828,19.6436],[-154.9812,19.6447],[-154.9818,19.6484],[-154.9799,19.6496],[-154.979,19.653],[-154.9829,19.6582],[-154.9818,19.6689],[-154.9832,19.672],[-154.9798,19.6784],[-154.9799,19.6808],[-154.9783,19.6876],[-154.9804,19.6922],[-154.9821,19.6927],[-154.9814,19.6932],[-154.9828,19.6991],[-154.9821,19.6998],[-154.983,19.6995],[-154.9845,19.7055],[-154.9861,19.7068],[-154.986,19.7077],[-154.9868,19.7076],[-154.9897,19.7132],[-154.9908,19.7177],[-154.9927,19.7207],[-154.9927,19.7232],[-155.0006,19.7315],[-155.0009,19.734],[-155.003,19.736],[-155.0058,19.7363],[-155.0061,19.7356],[-155.0095,19.735],[-155.011,19.7369],[-155.0115,19.7365],[-155.0113,19.7371],[-155.0136,19.7376],[-155.0137,19.7345],[-155.0156,19.7348],[-155.0181,19.733],[-155.0223,19.7321],[-155.0213,19.7324],[-155.023,19.7341],[-155.0236,19.7337],[-155.0242,19.7351],[-155.027,19.7355],[-155.0283,19.7332],[-155.0301,19.735],[-155.0316,19.7342],[-155.0307,19.7364],[-155.0316,19.7367],[-155.032,19.7381],[-155.0326,19.7367],[-155.0341,19.7371],[-155.0351,19.7385],[-155.0355,19.7378],[-155.0375,19.7376],[-155.0402,19.7391],[-155.0401,19.7377],[-155.0418,19.7385],[-155.043,19.7375],[-155.0426,19.7344],[-155.0446,19.7349],[-155.0443,19.7337],[-155.0461,19.7326],[-155.0452,19.7319],[-155.0467,19.7315],[-155.0479,19.7323],[-155.0503,19.7321],[-155.0543,19.7345],[-155.0633,19.743],[-155.0669,19.7438],[-155.0752,19.7428],[-155.067,19.7437],[-155.0634,19.7429],[-155.0542,19.7343],[-155.0517,19.7327],[-155.0516,19.7318],[-155.0533,19.7313],[-155.0533,19.733],[-155.0543,19.7336],[-155.0543,19.73],[-155.0566,19.7305],[-155.0553,19.7292],[-155.0597,19.7275],[-155.0598,19.7266],[-155.0625,19.7247],[-155.0617,19.7244],[-155.0621,19.7237],[-155.0628,19.7257],[-155.0623,19.7278],[-155.0647,19.7304],[-155.0713,19.7258],[-155.0712,19.7235],[-155.0777,19.7231],[-155.0825,19.7239],[-155.085,19.7253],[-155.0878,19.7292],[-155.0886,19.7328],[-155.0907,19.7347],[-155.0905,19.7371],[-155.0894,19.7381],[-155.0906,19.7394],[-155.0897,19.7433],[-155.09,19.7465],[-155.0912,19.7487],[-155.0899,19.7522],[-155.0908,19.7554],[-155.0939,19.7572],[-155.0901,19.757],[-155.0903,19.7597],[-155.0892,19.7627],[-155.0885,19.7628],[-155.0894,19.7638],[-155.0886,19.7655],[-155.0908,19.7687],[-155.0895,19.77],[-155.0896,19.7731],[-155.0885,19.7734],[-155.0873,19.7752],[-155.0882,19.7785],[-155.0866,19.7804],[-155.0878,19.7817],[-155.0864,19.7821],[-155.086,19.7833],[-155.0895,19.7872],[-155.0895,19.7898],[-155.0903,19.7901],[-155.0895,19.792],[-155.0901,19.7948],[-155.0892,19.7965],[-155.0876,19.7967],[-155.0858,19.8004],[-155.087,19.801],[-155.0861,19.8019],[-155.087,19.804],[-155.0899,19.804],[-155.0909,19.8049],[-155.0905,19.8062],[-155.093,19.8069],[-155.0923,19.8082],[-155.0933,19.809],[-155.0925,19.809],[-155.0936,19.8101],[-155.0931,19.8108],[-155.0891,19.8104],[-155.0913,19.8112],[-155.0916,19.8119],[-155.0878,19.818],[-155.0881,19.8198],[-155.0917,19.8206],[-155.0889,19.8203],[-155.0862,19.8238],[-155.0867,19.8253],[-155.0851,19.8263],[-155.0855,19.8277],[-155.0837,19.8314],[-155.0837,19.8343],[-155.0823,19.8359],[-155.0833,19.8362],[-155.0827,19.8375],[-155.0834,19.8393],[-155.0843,19.8395],[-155.0838,19.8409],[-155.0847,19.8427],[-155.0839,19.8446],[-155.0816,19.8463],[-155.082,19.8481],[-155.084,19.8491],[-155.0832,19.8526],[-155.0866,19.8528],[-155.0879,19.8536],[-155.0875,19.8563],[-155.0888,19.8567],[-155.0891,19.8579],[-155.0879,19.8595],[-155.0899,19.8611],[-155.09,19.8626],[-155.0922,19.8649],[-155.0959,19.865],[-155.0973,19.8661],[-155.098,19.8675],[-155.0964,19.8681],[-155.0966,19.8687],[-155.0978,19.8689],[-155.1001,19.8676],[-155.1027,19.8689],[-155.1026,19.87],[-155.1049,19.8697],[-155.1075,19.8741],[-155.1104,19.8763],[-155.1095,19.8782],[-155.1102,19.8794],[-155.1118,19.8806],[-155.116,19.8811],[-155.1187,19.883],[-155.1201,19.8821],[-155.119,19.8833],[-155.1197,19.8861],[-155.1189,19.8884],[-155.1207,19.8905],[-155.1222,19.8939],[-155.1216,19.8946],[-155.1239,19.8978],[-155.1233,19.8985],[-155.1252,19.8995],[-155.1249,19.9008],[-155.1285,19.9001],[-155.1284,19.9037],[-155.1341,19.9079],[-155.1351,19.9077],[-155.1343,19.9084],[-155.1344,19.9101],[-155.1357,19.9103],[-155.1382,19.9151],[-155.1476,19.9209],[-155.1533,19.9266],[-155.1527,19.9274],[-155.1563,19.9293],[-155.1578,19.931],[-155.1575,19.9322],[-155.1611,19.9338],[-155.1633,19.9364],[-155.1679,19.9391],[-155.1677,19.94],[-155.1707,19.9413],[-155.1728,19.9439],[-155.1749,19.9445],[-155.177,19.9463],[-155.1778,19.9488],[-155.1873,19.9541],[-155.1922,19.9554],[-155.1956,19.9552],[-155.1969,19.9605],[-155.1978,19.9604],[-155.2016,19.9643],[-155.2019,19.9666],[-155.2122,19.9747],[-155.2187,19.9774],[-155.2185,19.978],[-155.2191,19.9776],[-155.2229,19.9806],[-155.2252,19.981],[-155.231,19.985],[-155.2386,19.9875],[-155.2408,19.991],[-155.2398,19.9922],[-155.2397,19.9939],[-155.2425,19.9936],[-155.2477,19.9946],[-155.2495,19.9964],[-155.2516,20.0006],[-155.2531,20.0009],[-155.2561,20.0034],[-155.2588,20.0041],[-155.2604,20.0056],[-155.2616,20.0055],[-155.2624,20.0071],[-155.2676,20.0115],[-155.2748,20.0162],[-155.2773,20.0169],[-155.2801,20.0189],[-155.2831,20.0186],[-155.2864,20.0204],[-155.2932,20.0214],[-155.298,20.0236],[-155.2992,20.0249],[-155.3082,20.0281],[-155.3094,20.0297],[-155.3107,20.0292],[-155.3162,20.0325],[-155.3224,20.0333],[-155.3233,20.0343],[-155.3283,20.036],[-155.3337,20.0408],[-155.3381,20.0418],[-155.3431,20.0448],[-155.3455,20.0491],[-155.3471,20.0483],[-155.3507,20.0485],[-155.3551,20.0497],[-155.3643,20.0544],[-155.3674,20.0573],[-155.3721,20.0578],[-155.3761,20.0619],[-155.3795,20.0625],[-155.3832,20.0645],[-155.3871,20.0643],[-155.3936,20.0673],[-155.3988,20.0707],[-155.4001,20.074],[-155.402,20.0758],[-155.4119,20.0779],[-155.414,20.0808],[-155.4159,20.0809],[-155.4165,20.0824],[-155.42,20.0827],[-155.4222,20.0842],[-155.426,20.0851],[-155.4297,20.0878],[-155.4364,20.0892],[-155.4374,20.0923],[-155.4391,20.0913],[-155.44,20.0923],[-155.4405,20.0917],[-155.4412,20.0927],[-155.4439,20.0933],[-155.4501,20.0936],[-155.4557,20.0986],[-155.4596,20.0997],[-155.4617,20.0995],[-155.4619,20.1004],[-155.4625,20.1001],[-155.4637,20.101],[-155.4704,20.1008],[-155.4725,20.1033],[-155.4741,20.103],[-155.4753,20.1041],[-155.4793,20.1046],[-155.4802,20.1058],[-155.4853,20.1067],[-155.4859,20.1062],[-155.4901,20.1077],[-155.4953,20.1112],[-155.4961,20.1125],[-155.4998,20.1109],[-155.5039,20.1117],[-155.5065,20.1133],[-155.5081,20.1114],[-155.5137,20.1118],[-155.5162,20.1142],[-155.5186,20.1147],[-155.5216,20.1173],[-155.5277,20.1179],[-155.5285,20.1193],[-155.5309,20.1197],[-155.5316,20.1207],[-155.5324,20.1193],[-155.5368,20.1193],[-155.5381,20.121],[-155.5412,20.1228],[-155.5484,20.1252],[-155.5491,20.1268],[-155.5548,20.1278],[-155.556,20.1286],[-155.5599,20.1274],[-155.565,20.1272],[-155.5705,20.1254],[-155.5789,20.1202],[-155.5886,20.1191],[-155.5956,20.1212],[-155.5981,20.1233],[-155.6,20.1273],[-155.6038,20.1311],[-155.6049,20.1344],[-155.6075,20.1364],[-155.6092,20.137],[-155.6124,20.1362],[-155.6148,20.1371],[-155.6171,20.1397],[-155.6224,20.1429],[-155.6281,20.1438],[-155.6332,20.1429],[-155.6376,20.1453],[-155.6406,20.1535],[-155.6421,20.1551],[-155.6466,20.1565],[-155.6481,20.1606],[-155.6512,20.1642],[-155.6557,20.1652],[-155.6658,20.1716],[-155.6711,20.1742],[-155.6755,20.1749],[-155.6812,20.1785],[-155.6848,20.1792],[-155.6868,20.1778],[-155.6887,20.1782],[-155.696,20.1853],[-155.6995,20.1862],[-155.7026,20.1893],[-155.7074,20.1905],[-155.7139,20.1943],[-155.7154,20.1942],[-155.7156,20.1927],[-155.7164,20.1925],[-155.7167,20.1969],[-155.7188,20.1966],[-155.7217,20.198],[-155.7249,20.2009],[-155.7295,20.2019],[-155.731,20.2038],[-155.7334,20.2118],[-155.7309,20.2155],[-155.7309,20.2198],[-155.732,20.2198],[-155.7336,20.2182],[-155.7333,20.2194],[-155.7353,20.2209],[-155.7368,20.2204],[-155.739,20.2224],[-155.7395,20.225],[-155.7442,20.2293],[-155.7471,20.2268],[-155.7486,20.227],[-155.7485,20.23],[-155.7501,20.2305],[-155.7523,20.2293],[-155.7531,20.2307],[-155.7518,20.2313],[-155.7532,20.233],[-155.7532,20.2358],[-155.7577,20.238],[-155.7593,20.2364],[-155.7613,20.2368],[-155.7618,20.2381],[-155.7632,20.238],[-155.7646,20.2391],[-155.7651,20.2412],[-155.7682,20.2413],[-155.7702,20.2423],[-155.7689,20.2448],[-155.771,20.2464],[-155.7715,20.2465],[-155.7713,20.2456],[-155.7736,20.242],[-155.7784,20.2423],[-155.7805,20.2432],[-155.7816,20.245],[-155.7849,20.2458],[-155.7856,20.2469],[-155.7892,20.2474],[-155.7903,20.2487],[-155.795,20.2491],[-155.7976,20.2483],[-155.7981,20.2502],[-155.7989,20.25],[-155.8003,20.2512],[-155.8003,20.2525],[-155.8031,20.2528],[-155.8043,20.2547],[-155.8063,20.2549],[-155.8069,20.2566],[-155.8093,20.2572],[-155.8105,20.2568]]]},"properties":{"st_area(shape)":10458760465.051613,"st_perimeter(shape)":640064.23044152569,"objectid":13,"water":0,"sqmi":4038.1300000000001,"isle":"Hawaii","totsqmi":4038.1300000000001}}]}